product_id,product_name,피부타입,formula_group,y_total_reviews,y_negative_rate_raw,y_negative_rate_smoothed,high_risk,predict_proba,prediction,is_correct
A000000149064,휘게 릴리프 캐모마일 크림,지성,4dff62b487add9f2aca9377834319720,10,0.0,0.038643344152307926,0,0.39852243006791843,0,1
A000000161804,라로슈포제 똘러리앙 덤알레르고 플루이드,건성,8e18bc3696df145d9205378cb742a302,26,0.07692307692307693,0.06868044183846168,0,0.49022445732903025,1,0
A000000161804,라로슈포제 똘러리앙 덤알레르고 플루이드,민감성,8e18bc3696df145d9205378cb742a302,23,0.043478260869565216,0.050216286617889246,0,0.5097602654075198,1,0
A000000161804,라로슈포제 똘러리앙 덤알레르고 플루이드,복합성,8e18bc3696df145d9205378cb742a302,39,0.05128205128205128,0.053547463128292165,0,0.5070377902728969,1,0
A000000161804,라로슈포제 똘러리앙 덤알레르고 플루이드,지성,8e18bc3696df145d9205378cb742a302,12,0.08333333333333333,0.06747813514278868,0,0.5226270119394117,1,0
A000000161804,라로슈포제 똘러리앙 덤알레르고 플루이드,트러블성,8e18bc3696df145d9205378cb742a302,10,0.1,0.07197667748564125,0,0.5182528573987114,1,0
A000000172040,메이크프렘 인테카 수딩크림,건성,e974e261d6fafafcd56798cc97f38912,36,0.027777777777777776,0.03855893436730782,0,0.4385287135134813,0,1
A000000172040,메이크프렘 인테카 수딩크림,민감성,e974e261d6fafafcd56798cc97f38912,47,0.1702127659574468,0.1367059749935707,1,0.44791459911682485,0,0
A000000172040,메이크프렘 인테카 수딩크림,복합성,e974e261d6fafafcd56798cc97f38912,34,0.029411764705882353,0.039987043047578476,0,0.45923147025475347,0,1
A000000172040,메이크프렘 인테카 수딩크림,약건성,e974e261d6fafafcd56798cc97f38912,16,0.0,0.032202786793589934,0,0.42734761979276387,0,1
A000000172040,메이크프렘 인테카 수딩크림,중성,e974e261d6fafafcd56798cc97f38912,26,0.15384615384615385,0.1121587027080269,1,0.46301386888787216,0,0
A000000172040,메이크프렘 인테카 수딩크림,지성,e974e261d6fafafcd56798cc97f38912,49,0.0,0.016801453979264313,0,0.46375072299983217,0,1
A000000172040,메이크프렘 인테카 수딩크림,트러블성,e974e261d6fafafcd56798cc97f38912,40,0.1,0.08598833874282062,1,0.46808443922299303,0,0
A000000172453,닥터지 레드 블레미쉬 클리어 모이스처 크림,건성,58d5fc2a6e5b15ca4a667b48b7edbecd,57,0.07017543859649122,0.067003900319081,0,0.506722751639939,1,0
A000000172453,닥터지 레드 블레미쉬 클리어 모이스처 크림,민감성,58d5fc2a6e5b15ca4a667b48b7edbecd,53,0.1320754716981132,0.11177123732286626,1,0.5130075507588415,1,1
A000000172453,닥터지 레드 블레미쉬 클리어 모이스처 크림,복합성,58d5fc2a6e5b15ca4a667b48b7edbecd,59,0.05084745762711865,0.05264937119707895,0,0.5127184174350693,1,0
A000000172453,닥터지 레드 블레미쉬 클리어 모이스처 크림,약건성,58d5fc2a6e5b15ca4a667b48b7edbecd,19,0.0,0.02972564934792917,0,0.5026432633917316,1,0
A000000172453,닥터지 레드 블레미쉬 클리어 모이스처 크림,중성,58d5fc2a6e5b15ca4a667b48b7edbecd,23,0.08695652173913043,0.07347210057137762,0,0.5166478884678218,1,0
A000000172453,닥터지 레드 블레미쉬 클리어 모이스처 크림,지성,58d5fc2a6e5b15ca4a667b48b7edbecd,56,0.19642857142857142,0.15999079374433206,1,0.5328063286203796,1,1
A000000172453,닥터지 레드 블레미쉬 클리어 모이스처 크림,트러블성,58d5fc2a6e5b15ca4a667b48b7edbecd,49,0.08163265306122448,0.07477246847201793,0,0.5171460107314476,1,0
A000000173140,달바 세럼 올인원 멀티밤,건성,0617fcbd7614d072bd47e2462a4e7fc4,53,0.1509433962264151,0.12546986745985256,1,0.40397967604377094,0,0
A000000173140,달바 세럼 올인원 멀티밤,민감성,0617fcbd7614d072bd47e2462a4e7fc4,23,0.043478260869565216,0.050216286617889246,0,0.42859092579130686,0,1
A000000173140,달바 세럼 올인원 멀티밤,복합성,0617fcbd7614d072bd47e2462a4e7fc4,59,0.05084745762711865,0.05264937119707895,0,0.4297936509432364,0,1
A000000173140,달바 세럼 올인원 멀티밤,지성,0617fcbd7614d072bd47e2462a4e7fc4,25,0.16,0.11465111832376083,1,0.4451587019087215,0,0
A000000173140,달바 세럼 올인원 멀티밤,트러블성,0617fcbd7614d072bd47e2462a4e7fc4,12,0.0,0.03622813514278868,0,0.43583664265086947,0,1
A000000174316,라로슈포제 시카플라스트 밤B5,건성,99add072facd538a5708ec2364350f93,52,0.07692307692307693,0.07165694895235052,0,0.43303983352216013,0,1
A000000174316,라로슈포제 시카플라스트 밤B5,민감성,99add072facd538a5708ec2364350f93,36,0.05555555555555555,0.056416077224450675,0,0.4668805967276499,0,1
A000000174316,라로슈포제 시카플라스트 밤B5,복합성,99add072facd538a5708ec2364350f93,46,0.043478260869565216,0.047868186735897544,0,0.4805023209084557,1,0
A000000174316,라로슈포제 시카플라스트 밤B5,약건성,99add072facd538a5708ec2364350f93,11,0.0,0.037396784663523794,0,0.4181751173040549,0,1
A000000174316,라로슈포제 시카플라스트 밤B5,중성,99add072facd538a5708ec2364350f93,24,0.08333333333333333,0.07180228010384632,0,0.4805023209084557,1,0
A000000174316,라로슈포제 시카플라스트 밤B5,지성,99add072facd538a5708ec2364350f93,56,0.07142857142857142,0.06788553058643733,0,0.5135417418107456,1,0
A000000174316,라로슈포제 시카플라스트 밤B5,트러블성,99add072facd538a5708ec2364350f93,46,0.10869565217391304,0.09332273219044299,1,0.4864858352780825,1,1
A000000185456,나인위시스 비건 화이트 톤업 크림,건성,5033721a00eb770d2d7115409cd20030,55,0.12727272727272726,0.1087906709942565,1,0.47461855904027866,1,1
A000000185456,나인위시스 비건 화이트 톤업 크림,민감성,5033721a00eb770d2d7115409cd20030,55,0.09090909090909091,0.08212400432758983,1,0.4859119101398896,1,1
A000000185456,나인위시스 비건 화이트 톤업 크림,복합성,5033721a00eb770d2d7115409cd20030,58,0.08620689655172414,0.07896538877652869,1,0.4894825503164901,1,1
A000000185456,나인위시스 비건 화이트 톤업 크림,중성,5033721a00eb770d2d7115409cd20030,22,0.13636363636363635,0.09903096010879137,1,0.4859119101398896,1,1
A000000185456,나인위시스 비건 화이트 톤업 크림,지성,5033721a00eb770d2d7115409cd20030,57,0.2807017543859649,0.22284805616323686,1,0.4995951319761708,1,1
A000000185456,나인위시스 비건 화이트 톤업 크림,트러블성,5033721a00eb770d2d7115409cd20030,51,0.1568627450980392,0.12900422992351038,1,0.48510946495646323,1,1
A000000200666,토리든 셀메이징 저분자 콜라겐 탄력 크림,건성,4f72fde8ec3ffffd8a30cd23dfca3f21,50,0.1,0.0879900046367034,1,0.47772908209446613,1,1
A000000200666,토리든 셀메이징 저분자 콜라겐 탄력 크림,민감성,4f72fde8ec3ffffd8a30cd23dfca3f21,55,0.07272727272727272,0.0687906709942565,0,0.4898355654358442,1,0
A000000200666,토리든 셀메이징 저분자 콜라겐 탄력 크림,복합성,4f72fde8ec3ffffd8a30cd23dfca3f21,57,0.03508771929824561,0.041029874345055034,0,0.494418840433256,1,0
A000000200666,토리든 셀메이징 저분자 콜라겐 탄력 크림,약건성,4f72fde8ec3ffffd8a30cd23dfca3f21,12,0.08333333333333333,0.06747813514278868,0,0.4699706404679447,0,1
A000000200666,토리든 셀메이징 저분자 콜라겐 탄력 크림,중성,4f72fde8ec3ffffd8a30cd23dfca3f21,22,0.045454545454545456,0.05141191248974376,0,0.494418840433256,1,0
A000000200666,토리든 셀메이징 저분자 콜라겐 탄력 크림,지성,4f72fde8ec3ffffd8a30cd23dfca3f21,51,0.11764705882352941,0.10083521583900334,1,0.500261717810353,1,1
A000000200666,토리든 셀메이징 저분자 콜라겐 탄력 크림,트러블성,4f72fde8ec3ffffd8a30cd23dfca3f21,27,0.07407407407407407,0.06721915584189868,0,0.4921691478207094,1,0
A000000200725,아벤느 시칼파트 플러스 SOS 리페어 크림,건성,68591b1b3cc34d35742803d57ec9f797,40,0.1,0.08598833874282062,1,0.6224909276429986,1,1
A000000200725,아벤느 시칼파트 플러스 SOS 리페어 크림,민감성,68591b1b3cc34d35742803d57ec9f797,47,0.0851063829787234,0.07700448245625727,1,0.6365838250088812,1,1
A000000200725,아벤느 시칼파트 플러스 SOS 리페어 크림,복합성,68591b1b3cc34d35742803d57ec9f797,40,0.025,0.035988338742820626,0,0.6330971957538304,1,0
A000000200725,아벤느 시칼파트 플러스 SOS 리페어 크림,약건성,68591b1b3cc34d35742803d57ec9f797,18,0.05555555555555555,0.056823692751822044,0,0.605508910037561,1,0
A000000200725,아벤느 시칼파트 플러스 SOS 리페어 크림,중성,68591b1b3cc34d35742803d57ec9f797,14,0.14285714285714285,0.09292059778144816,1,0.6365838250088812,1,1
A000000200725,아벤느 시칼파트 플러스 SOS 리페어 크림,지성,68591b1b3cc34d35742803d57ec9f797,46,0.13043478260869565,0.10847424734195814,1,0.6447223956664536,1,1
A000000200725,아벤느 시칼파트 플러스 SOS 리페어 크림,트러블성,68591b1b3cc34d35742803d57ec9f797,38,0.18421052631578946,0.1406775918029179,1,0.6411778959911685,1,1
A000000200804,마몽드 플로라 글로우 로즈 스무딩 크림,건성,f8555c9822284f26fd7d121e54dc0921,36,0.05555555555555555,0.056416077224450675,0,0.5388933691358744,1,0
A000000200804,마몽드 플로라 글로우 로즈 스무딩 크림,민감성,f8555c9822284f26fd7d121e54dc0921,11,0.18181818181818182,0.10191291369578186,1,0.5645786443813356,1,1
A000000200804,마몽드 플로라 글로우 로즈 스무딩 크림,복합성,f8555c9822284f26fd7d121e54dc0921,43,0.046511627906976744,0.05014762419951171,0,0.5486025551235753,1,0
A000000200804,마몽드 플로라 글로우 로즈 스무딩 크림,지성,f8555c9822284f26fd7d121e54dc0921,13,0.15384615384615385,0.09573637347179509,1,0.5588967966653796,1,1
A000000204308,바이오힐보 프로바이오덤 콜라겐 리모델링 크림,건성,c7c3ce873d886a1a859d9ca71a5f8457,54,0.037037037037037035,0.04269324762931402,0,0.2892777824393135,0,1
A000000204308,바이오힐보 프로바이오덤 콜라겐 리모델링 크림,민감성,c7c3ce873d886a1a859d9ca71a5f8457,40,0.025,0.035988338742820626,0,0.2733593855661604,0,1
A000000204308,바이오힐보 프로바이오덤 콜라겐 리모델링 크림,복합성,c7c3ce873d886a1a859d9ca71a5f8457,53,0.018867924528301886,0.02957945650094846,0,0.28711858929074513,0,1
A000000204308,바이오힐보 프로바이오덤 콜라겐 리모델링 크림,지성,c7c3ce873d886a1a859d9ca71a5f8457,47,0.0425531914893617,0.04715373618760056,0,0.31690935704704676,0,1
A000000204308,바이오힐보 프로바이오덤 콜라겐 리모델링 크림,트러블성,c7c3ce873d886a1a859d9ca71a5f8457,28,0.07142857142857142,0.06581875676185912,0,0.2992603824232864,0,1
A000000204949,센텔리안24 마데카 크림 타임 리버스,건성,f588029a4c0bb098cf3d5f29947b01ba,56,0.0,0.015253951639068918,0,0.20093860712777226,0,1
A000000204949,센텔리안24 마데카 크림 타임 리버스,민감성,f588029a4c0bb098cf3d5f29947b01ba,52,0.0,0.016101393396794967,0,0.20363067972762103,0,1
A000000204949,센텔리안24 마데카 크림 타임 리버스,복합성,f588029a4c0bb098cf3d5f29947b01ba,51,0.0392156862745098,0.044497187669989266,0,0.20371373865861436,0,1
A000000204949,센텔리안24 마데카 크림 타임 리버스,약건성,f588029a4c0bb098cf3d5f29947b01ba,46,0.06521739130434782,0.06301970188741268,0,0.20471941146858336,0,1
A000000204949,센텔리안24 마데카 크림 타임 리버스,중성,f588029a4c0bb098cf3d5f29947b01ba,52,0.019230769230769232,0.02999028228568386,0,0.20683783329888478,0,1
A000000204949,센텔리안24 마데카 크림 타임 리버스,지성,f588029a4c0bb098cf3d5f29947b01ba,52,0.057692307692307696,0.05776806006346163,0,0.22770894359029764,0,1
A000000204949,센텔리안24 마데카 크림 타임 리버스,트러블성,f588029a4c0bb098cf3d5f29947b01ba,54,0.037037037037037035,0.04269324762931402,0,0.2117587998028056,0,1
A000000206212,메디큐브 제로 모공 원데이 크림,건성,d2daf04be52c1c5b1bf3faa9e3483aff,26,0.11538461538461539,0.09041957227324429,1,0.4069123120257345,0,0
A000000206212,메디큐브 제로 모공 원데이 크림,민감성,d2daf04be52c1c5b1bf3faa9e3483aff,23,0.13043478260869565,0.09672791452486598,1,0.42259008935293996,0,0
A000000206212,메디큐브 제로 모공 원데이 크림,복합성,d2daf04be52c1c5b1bf3faa9e3483aff,41,0.0975609756097561,0.08457869384539733,1,0.43929657039519404,0,0
A000000206212,메디큐브 제로 모공 원데이 크림,지성,d2daf04be52c1c5b1bf3faa9e3483aff,17,0.11764705882352941,0.08538649525862804,1,0.4501893153727834,0,0
A000000206904,라로슈포제 시카플라스트 밤 B5,건성,99add072facd538a5708ec2364350f93,59,0.06779661016949153,0.06530759904518021,0,0.43303983352216013,0,1
A000000206904,라로슈포제 시카플라스트 밤 B5,민감성,99add072facd538a5708ec2364350f93,58,0.017241379310344827,0.027683337494477406,0,0.4668805967276499,0,1
A000000206904,라로슈포제 시카플라스트 밤 B5,복합성,99add072facd538a5708ec2364350f93,56,0.05357142857142857,0.054727635849595224,0,0.4805023209084557,1,0
A000000206904,라로슈포제 시카플라스트 밤 B5,약건성,99add072facd538a5708ec2364350f93,57,0.03508771929824561,0.041029874345055034,0,0.4181751173040549,0,1
A000000206904,라로슈포제 시카플라스트 밤 B5,중성,99add072facd538a5708ec2364350f93,53,0.07547169811320754,0.07067534691190736,0,0.4805023209084557,1,0
A000000206904,라로슈포제 시카플라스트 밤 B5,지성,99add072facd538a5708ec2364350f93,57,0.08771929824561403,0.079990913306094,1,0.5135417418107456,1,1
A000000206904,라로슈포제 시카플라스트 밤 B5,트러블성,99add072facd538a5708ec2364350f93,58,0.1724137931034483,0.1430679528790928,1,0.4864858352780825,1,1
A000000209747,제로이드 수딩 크림,건성,9487e028a95e10580769138fcdc6bea8,20,0.0,0.02898250811423094,0,0.5679247393777632,1,0
A000000209747,제로이드 수딩 크림,민감성,9487e028a95e10580769138fcdc6bea8,17,0.0,0.03133244120457399,0,0.6016399484575057,1,0
A000000209747,제로이드 수딩 크림,복합성,9487e028a95e10580769138fcdc6bea8,22,0.0,0.027602388680219945,0,0.5996735746166945,1,0
A000000209747,제로이드 수딩 크림,지성,9487e028a95e10580769138fcdc6bea8,23,0.043478260869565216,0.050216286617889246,0,0.6073402836026923,1,0
A000000209747,제로이드 수딩 크림,트러블성,9487e028a95e10580769138fcdc6bea8,19,0.15789473684210525,0.10664872627100608,1,0.6081411756783079,1,1
A000000213409,덱스판테놀17만ppm 장벽크림,건성,e7412acf957bf93a0ff31e8b934554d6,57,0.12280701754385964,0.10596493928011996,1,0.530294800196545,1,1
A000000213409,덱스판테놀17만ppm 장벽크림,민감성,e7412acf957bf93a0ff31e8b934554d6,44,0.06818181818181818,0.06498906757139433,0,0.5438424022318588,1,0
A000000213409,덱스판테놀17만ppm 장벽크림,복합성,e7412acf957bf93a0ff31e8b934554d6,57,0.03508771929824561,0.041029874345055034,0,0.5405078009326413,1,0
A000000213409,덱스판테놀17만ppm 장벽크림,중성,e7412acf957bf93a0ff31e8b934554d6,18,0.0,0.030507903278137835,0,0.5422141489802982,1,0
A000000213409,덱스판테놀17만ppm 장벽크림,지성,e7412acf957bf93a0ff31e8b934554d6,54,0.18518518518518517,0.15080135573742212,1,0.5507913866883709,1,1
A000000213409,덱스판테놀17만ppm 장벽크림,트러블성,e7412acf957bf93a0ff31e8b934554d6,32,0.03125,0.04152500624171611,0,0.55229100498041,1,0
A000000214168,키엘 울트라 훼이셜 크림,건성,7daa8595eb55c039ee85db7841d53fb7,48,0.0625,0.061166181243665255,0,0.4753503629157786,1,0
A000000214168,키엘 울트라 훼이셜 크림,민감성,7daa8595eb55c039ee85db7841d53fb7,43,0.023255813953488372,0.034274608326495835,0,0.520595356922515,1,0
A000000214168,키엘 울트라 훼이셜 크림,복합성,7daa8595eb55c039ee85db7841d53fb7,53,0.03773584905660377,0.04327808663793476,0,0.5109658051162829,1,0
A000000214168,키엘 울트라 훼이셜 크림,중성,7daa8595eb55c039ee85db7841d53fb7,19,0.0,0.02972564934792917,0,0.5148713948784464,1,0
A000000214168,키엘 울트라 훼이셜 크림,지성,7daa8595eb55c039ee85db7841d53fb7,48,0.20833333333333334,0.1641073577142535,1,0.5151363086267735,1,1
A000000214168,키엘 울트라 훼이셜 크림,트러블성,7daa8595eb55c039ee85db7841d53fb7,31,0.0967741935483871,0.081554908324887,1,0.524902115880681,1,1
A000000216580,셀퓨전씨 포스트 알파 시카 카밍 다운 크림,건성,41dad625d1becd4f3f6bfedd4539245c,31,0.0,0.022731378913122307,0,0.45999792038522985,0,1
A000000216580,셀퓨전씨 포스트 알파 시카 카밍 다운 크림,민감성,41dad625d1becd4f3f6bfedd4539245c,26,0.07692307692307693,0.06868044183846168,0,0.5052239145156943,1,0
A000000216580,셀퓨전씨 포스트 알파 시카 카밍 다운 크림,복합성,41dad625d1becd4f3f6bfedd4539245c,39,0.05128205128205128,0.053547463128292165,0,0.5003522495557129,1,0
A000000216580,셀퓨전씨 포스트 알파 시카 카밍 다운 크림,지성,41dad625d1becd4f3f6bfedd4539245c,14,0.14285714285714285,0.09292059778144816,1,0.5248169320758056,1,1
A000000224243,풀리 그린 토마토 크림,건성,c3439735e19c128fdbc5f81a068c5ed7,31,0.0,0.022731378913122307,0,0.35192336169092187,0,1
A000000224243,풀리 그린 토마토 크림,민감성,c3439735e19c128fdbc5f81a068c5ed7,17,0.0,0.03133244120457399,0,0.3788357073517182,0,1
A000000224243,풀리 그린 토마토 크림,복합성,c3439735e19c128fdbc5f81a068c5ed7,33,0.030303030303030304,0.04074151555791015,0,0.39810413858764365,0,1
A000000224243,풀리 그린 토마토 크림,지성,c3439735e19c128fdbc5f81a068c5ed7,33,0.030303030303030304,0.04074151555791015,0,0.3992096301238075,0,1
A000000224243,풀리 그린 토마토 크림,트러블성,c3439735e19c128fdbc5f81a068c5ed7,12,0.0,0.03622813514278868,0,0.40394834597286133,0,1
A000000224727,메이크프렘 인테카 수딩크림,건성,e974e261d6fafafcd56798cc97f38912,57,0.0,0.015055848371029062,0,0.4385287135134813,0,1
A000000224727,메이크프렘 인테카 수딩크림,민감성,e974e261d6fafafcd56798cc97f38912,48,0.0,0.01704853418484173,0,0.44791459911682485,0,1
A000000224727,메이크프렘 인테카 수딩크림,복합성,e974e261d6fafafcd56798cc97f38912,56,0.0,0.015253951639068918,0,0.45923147025475347,0,1
A000000224727,메이크프렘 인테카 수딩크림,약건성,e974e261d6fafafcd56798cc97f38912,43,0.046511627906976744,0.05014762419951171,0,0.42734761979276387,0,1
A000000224727,메이크프렘 인테카 수딩크림,중성,e974e261d6fafafcd56798cc97f38912,54,0.0,0.015666220602286996,0,0.46301386888787216,0,1
A000000224727,메이크프렘 인테카 수딩크림,지성,e974e261d6fafafcd56798cc97f38912,59,0.0,0.01467468765277516,0,0.46375072299983217,0,1
A000000224727,메이크프렘 인테카 수딩크림,트러블성,e974e261d6fafafcd56798cc97f38912,56,0.0,0.015253951639068918,0,0.46808443922299303,0,1
A000000224880,브이앤에이뷰티 안티옥시던트 시너지 크림,건성,7159fdd65adde4e55eae08ad2631e999,11,0.0,0.037396784663523794,0,0.29915675437189637,0,1
A000000224880,브이앤에이뷰티 안티옥시던트 시너지 크림,복합성,7159fdd65adde4e55eae08ad2631e999,17,0.058823529411764705,0.05835946823160102,0,0.31857199640030115,0,1
A000000225180,코스알엑스 어드벤스드 스네일 92 올인원 크림,건성,7acfd03d65fb72dfd2204e9ebc823329,53,0.03773584905660377,0.04327808663793476,0,0.4788997362891477,1,0
A000000225180,코스알엑스 어드벤스드 스네일 92 올인원 크림,민감성,7acfd03d65fb72dfd2204e9ebc823329,48,0.0,0.01704853418484173,0,0.5065754451544309,1,0
A000000225180,코스알엑스 어드벤스드 스네일 92 올인원 크림,복합성,7acfd03d65fb72dfd2204e9ebc823329,59,0.01694915254237288,0.027332915500876426,0,0.5229187525613475,1,0
A000000225180,코스알엑스 어드벤스드 스네일 92 올인원 크림,중성,7acfd03d65fb72dfd2204e9ebc823329,15,0.0,0.033122866416263934,0,0.5198277913536272,1,0
A000000225180,코스알엑스 어드벤스드 스네일 92 올인원 크림,지성,7acfd03d65fb72dfd2204e9ebc823329,50,0.02,0.030847147493846254,0,0.5300583206377812,1,0
A000000225180,코스알엑스 어드벤스드 스네일 92 올인원 크림,트러블성,7acfd03d65fb72dfd2204e9ebc823329,28,0.07142857142857142,0.06581875676185912,0,0.5312422730945936,1,0
A000000227939,퍼셀 픽셀바이옴 히알 콜라겐 유산균 크림,건성,81dc7f46c16de635b4130a2b6a16caf0,23,0.08695652173913043,0.07347210057137762,0,0.42706383815097837,0,1
A000000227939,퍼셀 픽셀바이옴 히알 콜라겐 유산균 크림,민감성,81dc7f46c16de635b4130a2b6a16caf0,19,0.10526315789473684,0.08100770062998046,1,0.44643501758294724,0,0
A000000227939,퍼셀 픽셀바이옴 히알 콜라겐 유산균 크림,복합성,81dc7f46c16de635b4130a2b6a16caf0,39,0.0,0.019649158043546402,0,0.45731639318931777,0,1
A000000227939,퍼셀 픽셀바이옴 히알 콜라겐 유산균 크림,지성,81dc7f46c16de635b4130a2b6a16caf0,25,0.0,0.02576222943487195,0,0.4644540594495174,0,1
A000000229093,퍼셀 픽셀바이옴 히알 콜라겐 유산균 크림,건성,81dc7f46c16de635b4130a2b6a16caf0,42,0.023809523809523808,0.03482742458982641,0,0.42706383815097837,0,1
A000000229093,퍼셀 픽셀바이옴 히알 콜라겐 유산균 크림,민감성,81dc7f46c16de635b4130a2b6a16caf0,26,0.0,0.02520218096889647,0,0.44643501758294724,0,1
A000000229093,퍼셀 픽셀바이옴 히알 콜라겐 유산균 크림,복합성,81dc7f46c16de635b4130a2b6a16caf0,40,0.0,0.019321672076153963,0,0.45731639318931777,0,1
A000000229093,퍼셀 픽셀바이옴 히알 콜라겐 유산균 크림,약건성,81dc7f46c16de635b4130a2b6a16caf0,11,0.0,0.037396784663523794,0,0.4192658856046181,0,1
A000000229093,퍼셀 픽셀바이옴 히알 콜라겐 유산균 크림,지성,81dc7f46c16de635b4130a2b6a16caf0,34,0.0,0.02146852452905996,0,0.4644540594495174,0,1
A000000229093,퍼셀 픽셀바이옴 히알 콜라겐 유산균 크림,트러블성,81dc7f46c16de635b4130a2b6a16caf0,21,0.0,0.02827561767242043,0,0.46407180798073067,0,1
A000000231590,제로이드 인텐시브 크림,건성,4f15309b01c5a6bb071c6bbbc1f7b326,58,0.034482758620689655,0.04050385031499023,0,0.5315920269161271,1,0
A000000231590,제로이드 인텐시브 크림,민감성,4f15309b01c5a6bb071c6bbbc1f7b326,55,0.01818181818181818,0.028790670994256504,0,0.5675138389142713,1,0
A000000231590,제로이드 인텐시브 크림,복합성,4f15309b01c5a6bb071c6bbbc1f7b326,57,0.08771929824561403,0.079990913306094,1,0.5655474650734602,1,1
A000000231590,제로이드 인텐시브 크림,약건성,4f15309b01c5a6bb071c6bbbc1f7b326,53,0.07547169811320754,0.07067534691190736,0,0.5144128372737462,1,0
A000000231590,제로이드 인텐시브 크림,중성,4f15309b01c5a6bb071c6bbbc1f7b326,50,0.06,0.05941857606527482,0,0.5675138389142713,1,0
A000000231590,제로이드 인텐시브 크림,지성,4f15309b01c5a6bb071c6bbbc1f7b326,47,0.02127659574468085,0.0322283630532722,0,0.5677481623282861,1,0
A000000231590,제로이드 인텐시브 크림,트러블성,4f15309b01c5a6bb071c6bbbc1f7b326,58,0.034482758620689655,0.04050385031499023,0,0.5740150661350737,1,0
A000000233322,닥터지 블랙스네일 크림,건성,4aa741bebb2c1a95f5ba3223e1858eaf,56,0.017857142857142856,0.028411846375911022,0,0.36888908799742387,0,1
A000000233322,닥터지 블랙스네일 크림,민감성,4aa741bebb2c1a95f5ba3223e1858eaf,53,0.07547169811320754,0.07067534691190736,0,0.36697265663184375,0,1
A000000233322,닥터지 블랙스네일 크림,복합성,4aa741bebb2c1a95f5ba3223e1858eaf,56,0.0,0.015253951639068918,0,0.3929780462333447,0,1
A000000233322,닥터지 블랙스네일 크림,약건성,4aa741bebb2c1a95f5ba3223e1858eaf,35,0.0,0.021078187719440686,0,0.3619233331023337,0,1
A000000233322,닥터지 블랙스네일 크림,중성,4aa741bebb2c1a95f5ba3223e1858eaf,37,0.0,0.020338602185425225,0,0.3929780462333447,0,1
A000000233322,닥터지 블랙스네일 크림,지성,4aa741bebb2c1a95f5ba3223e1858eaf,57,0.05263157894736842,0.05401688733206802,0,0.40204453308327,0,1
A000000233322,닥터지 블랙스네일 크림,트러블성,4aa741bebb2c1a95f5ba3223e1858eaf,49,0.061224489795918366,0.060279714848829526,0,0.39179387640449465,0,1
A000000238669,닥터엘시아 345 릴리프 크림,건성,fad5511d8c553dca34c73f913b8eb65b,45,0.1111111111111111,0.09475846653183442,1,0.3838497371013495,0,0
A000000238669,닥터엘시아 345 릴리프 크림,민감성,fad5511d8c553dca34c73f913b8eb65b,35,0.05714285714285714,0.05744182408307705,0,0.40295218796671245,0,1
A000000238669,닥터엘시아 345 릴리프 크림,복합성,fad5511d8c553dca34c73f913b8eb65b,45,0.044444444444444446,0.048604620377988274,0,0.42116060010432244,0,1
A000000238669,닥터엘시아 345 릴리프 크림,지성,fad5511d8c553dca34c73f913b8eb65b,39,0.0,0.019649158043546402,0,0.43464486666003616,0,1
A000000238669,닥터엘시아 345 릴리프 크림,트러블성,fad5511d8c553dca34c73f913b8eb65b,23,0.08695652173913043,0.07347210057137762,0,0.42670387145622646,0,1
A000000238929,차앤박 프로폴리스 앰플 액티브 샷 크림,건성,0c24c73d48613dd0cd57cd8cd90da63e,53,0.09433962264150944,0.08437397704889366,1,0.37028568596058503,0,0
A000000238929,차앤박 프로폴리스 앰플 액티브 샷 크림,민감성,0c24c73d48613dd0cd57cd8cd90da63e,50,0.1,0.0879900046367034,1,0.3897202129155496,0,0
A000000238929,차앤박 프로폴리스 앰플 액티브 샷 크림,복합성,0c24c73d48613dd0cd57cd8cd90da63e,52,0.038461538461538464,0.04387917117457275,0,0.41007689568026306,0,1
A000000238929,차앤박 프로폴리스 앰플 액티브 샷 크림,약건성,0c24c73d48613dd0cd57cd8cd90da63e,19,0.0,0.02972564934792917,0,0.37104211251129615,0,1
A000000238929,차앤박 프로폴리스 앰플 액티브 샷 크림,지성,0c24c73d48613dd0cd57cd8cd90da63e,40,0.025,0.035988338742820626,0,0.4528359277764035,0,1
A000000238929,차앤박 프로폴리스 앰플 액티브 샷 크림,트러블성,0c24c73d48613dd0cd57cd8cd90da63e,20,0.05,0.05398250811423094,0,0.41329127354450107,0,1
A000000239660,피지오겔 DMT 페이셜 보습 장벽 크림,건성,c7408d59f6ce6a58c4064cd26e264840,58,0.017241379310344827,0.027683337494477406,0,0.5902438760544233,1,0
A000000239660,피지오겔 DMT 페이셜 보습 장벽 크림,민감성,c7408d59f6ce6a58c4064cd26e264840,52,0.057692307692307696,0.05776806006346163,0,0.6333266846375653,1,0
A000000239660,피지오겔 DMT 페이셜 보습 장벽 크림,복합성,c7408d59f6ce6a58c4064cd26e264840,56,0.017857142857142856,0.028411846375911022,0,0.6306042095029423,1,0
A000000239660,피지오겔 DMT 페이셜 보습 장벽 크림,약건성,c7408d59f6ce6a58c4064cd26e264840,19,0.10526315789473684,0.08100770062998046,1,0.57940842231822,1,1
A000000239660,피지오겔 DMT 페이셜 보습 장벽 크림,중성,c7408d59f6ce6a58c4064cd26e264840,11,0.18181818181818182,0.10191291369578186,1,0.630235723429845,1,1
A000000239660,피지오겔 DMT 페이셜 보습 장벽 크림,지성,c7408d59f6ce6a58c4064cd26e264840,47,0.0851063829787234,0.07700448245625727,1,0.6487476127834826,1,1
A000000239660,피지오겔 DMT 페이셜 보습 장벽 크림,트러블성,c7408d59f6ce6a58c4064cd26e264840,38,0.0,0.019987936630504098,0,0.6397599557903739,1,0
A000000243333,키엘 울트라 훼이셜 메디크림,건성,18fe8337796ce8465fa76ca3783b88ed,23,0.08695652173913043,0.07347210057137762,0,0.43562895667004864,0,1
A000000243333,키엘 울트라 훼이셜 메디크림,민감성,18fe8337796ce8465fa76ca3783b88ed,22,0.09090909090909091,0.07522143629926756,1,0.45438943149492567,0,0
A000000243333,키엘 울트라 훼이셜 메디크림,복합성,18fe8337796ce8465fa76ca3783b88ed,32,0.15625,0.11844808316479302,1,0.4834262592869588,1,1
A000000243333,키엘 울트라 훼이셜 메디크림,지성,18fe8337796ce8465fa76ca3783b88ed,12,0.08333333333333333,0.06747813514278868,0,0.494804188035837,1,0
A000000244994,제로이드 인텐시브 크림,민감성,4f15309b01c5a6bb071c6bbbc1f7b326,27,0.037037037037037035,0.045942560097217824,0,0.5675138389142713,1,0
A000000244994,제로이드 인텐시브 크림,약건성,4f15309b01c5a6bb071c6bbbc1f7b326,16,0.0,0.032202786793589934,0,0.5144128372737462,1,0
A000000244994,제로이드 인텐시브 크림,지성,4f15309b01c5a6bb071c6bbbc1f7b326,22,0.045454545454545456,0.05141191248974376,0,0.5677481623282861,1,0
A000000244994,제로이드 인텐시브 크림,트러블성,4f15309b01c5a6bb071c6bbbc1f7b326,25,0.0,0.02576222943487195,0,0.5740150661350737,1,0
A000000245087,닥터엘시아 345 릴리프 크림,건성,fad5511d8c553dca34c73f913b8eb65b,54,0.037037037037037035,0.04269324762931402,0,0.3838497371013495,0,1
A000000245087,닥터엘시아 345 릴리프 크림,민감성,fad5511d8c553dca34c73f913b8eb65b,49,0.14285714285714285,0.11825072934158315,1,0.40295218796671245,0,0
A000000245087,닥터엘시아 345 릴리프 크림,복합성,fad5511d8c553dca34c73f913b8eb65b,55,0.03636363636363636,0.04212400432758984,0,0.42116060010432244,0,1
A000000245087,닥터엘시아 345 릴리프 크림,약건성,fad5511d8c553dca34c73f913b8eb65b,16,0.125,0.0877583423491455,1,0.3667904031612778,0,0
A000000245087,닥터엘시아 345 릴리프 크림,중성,fad5511d8c553dca34c73f913b8eb65b,36,0.027777777777777776,0.03855893436730782,0,0.42116060010432244,0,1
A000000245087,닥터엘시아 345 릴리프 크림,지성,fad5511d8c553dca34c73f913b8eb65b,57,0.017543859649122806,0.02804286135804205,0,0.43464486666003616,0,1
A000000245087,닥터엘시아 345 릴리프 크림,트러블성,fad5511d8c553dca34c73f913b8eb65b,55,0.12727272727272726,0.1087906709942565,1,0.42670387145622646,0,0
A000000246297,코페르 큐리페어 멜라크림,건성,4e1af2e2f9c6159a32070a870a8c71a5,58,0.0,0.014862824673964586,0,0.44397287573351535,0,1
A000000246297,코페르 큐리페어 멜라크림,민감성,4e1af2e2f9c6159a32070a870a8c71a5,42,0.0,0.018698392331761897,0,0.4571359815076741,0,1
A000000246297,코페르 큐리페어 멜라크림,복합성,4e1af2e2f9c6159a32070a870a8c71a5,58,0.0,0.014862824673964586,0,0.46295369761226096,0,1
A000000246297,코페르 큐리페어 멜라크림,약건성,4e1af2e2f9c6159a32070a870a8c71a5,27,0.07407407407407407,0.06721915584189868,0,0.43445203259021126,0,1
A000000246297,코페르 큐리페어 멜라크림,중성,4e1af2e2f9c6159a32070a870a8c71a5,13,0.07692307692307693,0.06543334316876478,0,0.4632886471978239,0,1
A000000246297,코페르 큐리페어 멜라크림,지성,4e1af2e2f9c6159a32070a870a8c71a5,53,0.03773584905660377,0.04327808663793476,0,0.4756465908188725,1,0
A000000246297,코페르 큐리페어 멜라크림,트러블성,4e1af2e2f9c6159a32070a870a8c71a5,44,0.0,0.01811406757139434,0,0.46600705567388145,0,1
A000000247726,메이크프렘 인테카 수딩크림,건성,e974e261d6fafafcd56798cc97f38912,29,0.0,0.023659190297331382,0,0.4385287135134813,0,1
A000000247726,메이크프렘 인테카 수딩크림,민감성,e974e261d6fafafcd56798cc97f38912,21,0.047619047619047616,0.05266586157485945,0,0.44791459911682485,0,1
A000000247726,메이크프렘 인테카 수딩크림,복합성,e974e261d6fafafcd56798cc97f38912,43,0.09302325581395349,0.08189365594554344,1,0.45923147025475347,0,0
A000000247726,메이크프렘 인테카 수딩크림,지성,e974e261d6fafafcd56798cc97f38912,33,0.030303030303030304,0.04074151555791015,0,0.46375072299983217,0,1
A000000247726,메이크프렘 인테카 수딩크림,트러블성,e974e261d6fafafcd56798cc97f38912,21,0.047619047619047616,0.05266586157485945,0,0.46808443922299303,0,1
A000000251274,아벤느 시칼파트 플러스 S.O.S 크림,건성,68591b1b3cc34d35742803d57ec9f797,48,0.125,0.10528382830248878,1,0.6224909276429986,1,1
A000000251274,아벤느 시칼파트 플러스 S.O.S 크림,민감성,68591b1b3cc34d35742803d57ec9f797,49,0.061224489795918366,0.060279714848829526,0,0.6365838250088812,1,0
A000000251274,아벤느 시칼파트 플러스 S.O.S 크림,복합성,68591b1b3cc34d35742803d57ec9f797,54,0.037037037037037035,0.04269324762931402,0,0.6330971957538304,1,0
A000000251274,아벤느 시칼파트 플러스 S.O.S 크림,약건성,68591b1b3cc34d35742803d57ec9f797,18,0.0,0.030507903278137835,0,0.605508910037561,1,0
A000000251274,아벤느 시칼파트 플러스 S.O.S 크림,중성,68591b1b3cc34d35742803d57ec9f797,14,0.14285714285714285,0.09292059778144816,1,0.6365838250088812,1,1
A000000251274,아벤느 시칼파트 플러스 S.O.S 크림,지성,68591b1b3cc34d35742803d57ec9f797,53,0.03773584905660377,0.04327808663793476,0,0.6447223956664536,1,0
A000000251274,아벤느 시칼파트 플러스 S.O.S 크림,트러블성,68591b1b3cc34d35742803d57ec9f797,53,0.07547169811320754,0.07067534691190736,0,0.6411778959911685,1,0
A000000253623,센텔리안24 마데카 크림 타임리버스,건성,f588029a4c0bb098cf3d5f29947b01ba,47,0.02127659574468085,0.0322283630532722,0,0.19696629147731615,0,1
A000000253623,센텔리안24 마데카 크림 타임리버스,민감성,f588029a4c0bb098cf3d5f29947b01ba,38,0.02631578947368421,0.037229315940848925,0,0.19965836407716497,0,1
A000000253623,센텔리안24 마데카 크림 타임리버스,복합성,f588029a4c0bb098cf3d5f29947b01ba,40,0.025,0.035988338742820626,0,0.1997414230081583,0,1
A000000253623,센텔리안24 마데카 크림 타임리버스,약건성,f588029a4c0bb098cf3d5f29947b01ba,11,0.18181818181818182,0.10191291369578186,1,0.20074709581812727,0,0
A000000253623,센텔리안24 마데카 크림 타임리버스,중성,f588029a4c0bb098cf3d5f29947b01ba,14,0.0,0.03409706836968346,0,0.2028655176484287,0,1
A000000253623,센텔리안24 마데카 크림 타임리버스,지성,f588029a4c0bb098cf3d5f29947b01ba,39,0.02564102564102564,0.03659831058591928,0,0.22231665268137044,0,1
A000000253623,센텔리안24 마데카 크림 타임리버스,트러블성,f588029a4c0bb098cf3d5f29947b01ba,33,0.06060606060606061,0.05960944008621203,0,0.20778648415234952,0,1
A000000255721,동아제약 색소침착 프로 크림제,건성,828608a7d64a4394ad6dd172310ecf37,53,0.0,0.01588082636396216,0,0.3520958116327304,0,1
A000000255721,동아제약 색소침착 프로 크림제,민감성,828608a7d64a4394ad6dd172310ecf37,50,0.0,0.016561433208131967,0,0.3638499593304443,0,1
A000000255721,동아제약 색소침착 프로 크림제,복합성,828608a7d64a4394ad6dd172310ecf37,59,0.0,0.01467468765277516,0,0.3738596199990424,0,1
A000000255721,동아제약 색소침착 프로 크림제,약건성,828608a7d64a4394ad6dd172310ecf37,23,0.0,0.026960472664400877,0,0.35459827545428896,0,1
A000000255721,동아제약 색소침착 프로 크림제,중성,828608a7d64a4394ad6dd172310ecf37,36,0.0,0.02070179151016496,0,0.3757312029910824,0,1
A000000255721,동아제약 색소침착 프로 크림제,지성,828608a7d64a4394ad6dd172310ecf37,53,0.03773584905660377,0.04327808663793476,0,0.37813147967063715,0,1
A000000255721,동아제약 색소침착 프로 크림제,트러블성,828608a7d64a4394ad6dd172310ecf37,54,0.0,0.015666220602286996,0,0.3708821462455679,0,1
A000000256802,웰라쥬 리얼 히알루로닉 수딩 크림,건성,b61f5019ae9eaceefb6372fc0107b757,57,0.03508771929824561,0.041029874345055034,0,0.4590323230583017,0,1
A000000256802,웰라쥬 리얼 히알루로닉 수딩 크림,민감성,b61f5019ae9eaceefb6372fc0107b757,49,0.04081632653061224,0.045786961225641125,0,0.46161046898084107,0,1
A000000256802,웰라쥬 리얼 히알루로닉 수딩 크림,복합성,b61f5019ae9eaceefb6372fc0107b757,53,0.03773584905660377,0.04327808663793476,0,0.4745557076984237,1,0
A000000256802,웰라쥬 리얼 히알루로닉 수딩 크림,약건성,b61f5019ae9eaceefb6372fc0107b757,10,0.0,0.038643344152307926,0,0.43589670015500886,0,1
A000000256802,웰라쥬 리얼 히알루로닉 수딩 크림,중성,b61f5019ae9eaceefb6372fc0107b757,13,0.07692307692307693,0.06543334316876478,0,0.4745557076984237,1,0
A000000256802,웰라쥬 리얼 히알루로닉 수딩 크림,지성,b61f5019ae9eaceefb6372fc0107b757,51,0.0196078431372549,0.030412680627735743,0,0.47831807268491544,1,0
A000000256802,웰라쥬 리얼 히알루로닉 수딩 크림,트러블성,b61f5019ae9eaceefb6372fc0107b757,41,0.14634146341463414,0.11736557909129897,1,0.47512738763917417,1,1
A000000257128,구달 어성초 히알루론 수딩 크림,건성,a519675d4f55515f966dac909069c204,54,0.09259259259259259,0.08323378816985456,1,0.3997860142972669,0,0
A000000257128,구달 어성초 히알루론 수딩 크림,민감성,a519675d4f55515f966dac909069c204,48,0.08333333333333333,0.07587206359660643,1,0.3961202320055927,0,0
A000000257128,구달 어성초 히알루론 수딩 크림,복합성,a519675d4f55515f966dac909069c204,55,0.05454545454545454,0.055457337660923166,0,0.4106177666502434,0,1
A000000257128,구달 어성초 히알루론 수딩 크림,약건성,a519675d4f55515f966dac909069c204,14,0.0,0.03409706836968346,0,0.392827916343137,0,1
A000000257128,구달 어성초 히알루론 수딩 크림,중성,a519675d4f55515f966dac909069c204,21,0.09523809523809523,0.07705610547729848,1,0.41117118096075833,0,0
A000000257128,구달 어성초 히알루론 수딩 크림,지성,a519675d4f55515f966dac909069c204,55,0.03636363636363636,0.04212400432758984,0,0.41084533243115695,0,1
A000000257128,구달 어성초 히알루론 수딩 크림,트러블성,a519675d4f55515f966dac909069c204,43,0.06976744186046512,0.06602064007252757,0,0.4219179893145592,0,1
A000000257713,달바 비타 캡슐 크림 나이아신아마이드 5퍼센트,건성,468a26d4bab7f30a28dd90e2ccde7fdf,22,0.045454545454545456,0.05141191248974376,0,0.3154710338842229,0,1
A000000257713,달바 비타 캡슐 크림 나이아신아마이드 5퍼센트,복합성,468a26d4bab7f30a28dd90e2ccde7fdf,17,0.11764705882352941,0.08538649525862804,1,0.3331039984923212,0,0
A000000257713,달바 비타 캡슐 크림 나이아신아마이드 5퍼센트,지성,468a26d4bab7f30a28dd90e2ccde7fdf,27,0.0,0.024665964352536974,0,0.36222701935198165,0,1
A000000258214,믹순 히알레배 포어 워터풀 젤크림,건성,bbdf7f09cd077b7684ce7c2c16f3cc84,19,0.05263157894736842,0.05536667498895481,0,0.42639444815335587,0,1
A000000258214,믹순 히알레배 포어 워터풀 젤크림,민감성,bbdf7f09cd077b7684ce7c2c16f3cc84,19,0.10526315789473684,0.08100770062998046,1,0.41067817261490064,0,0
A000000258214,믹순 히알레배 포어 워터풀 젤크림,복합성,bbdf7f09cd077b7684ce7c2c16f3cc84,46,0.0,0.017565156432867237,0,0.44188060024661796,0,1
A000000258214,믹순 히알레배 포어 워터풀 젤크림,지성,bbdf7f09cd077b7684ce7c2c16f3cc84,26,0.0,0.02520218096889647,0,0.45325322431843984,0,1
A000000258831,피지오겔 레드수딩 AI 리페어 크림,건성,cfcab495ec229236c0dfe9c9216137f6,56,0.05357142857142857,0.054727635849595224,0,0.548725519969835,1,0
A000000258831,피지오겔 레드수딩 AI 리페어 크림,민감성,cfcab495ec229236c0dfe9c9216137f6,53,0.18867924528301888,0.15286712773382516,1,0.5742949822300535,1,1
A000000258831,피지오겔 레드수딩 AI 리페어 크림,복합성,cfcab495ec229236c0dfe9c9216137f6,58,0.06896551724137931,0.06614487595601586,0,0.5723286083892424,1,0
A000000258831,피지오겔 레드수딩 AI 리페어 크림,약건성,cfcab495ec229236c0dfe9c9216137f6,16,0.0625,0.05998056457136772,0,0.5353371992249865,1,0
A000000258831,피지오겔 레드수딩 AI 리페어 크림,중성,cfcab495ec229236c0dfe9c9216137f6,14,0.07142857142857142,0.06350883307556582,0,0.5712040210223333,1,0
A000000258831,피지오겔 레드수딩 AI 리페어 크림,지성,cfcab495ec229236c0dfe9c9216137f6,44,0.13636363636363635,0.11186406757139433,1,0.5905349017653031,1,1
A000000258831,피지오겔 레드수딩 AI 리페어 크림,트러블성,cfcab495ec229236c0dfe9c9216137f6,38,0.0,0.019987936630504098,0,0.5794491687426467,1,0
A000000258935,리쥬란 더마 힐러 포어 타이트닝 크림,건성,6bed3c7a7f34199d701510ea4ffc25fe,17,0.0,0.03133244120457399,0,0.4998717158030144,1,0
A000000258935,리쥬란 더마 힐러 포어 타이트닝 크림,복합성,6bed3c7a7f34199d701510ea4ffc25fe,30,0.0,0.023186006491384754,0,0.5426991756878347,1,0
A000000258935,리쥬란 더마 힐러 포어 타이트닝 크림,지성,6bed3c7a7f34199d701510ea4ffc25fe,22,0.045454545454545456,0.05141191248974376,0,0.5464131717264833,1,0
A000000260257,제로이드 수딩 크림,건성,9487e028a95e10580769138fcdc6bea8,49,0.10204081632653061,0.08926522209520633,1,0.5679247393777632,1,1
A000000260257,제로이드 수딩 크림,민감성,9487e028a95e10580769138fcdc6bea8,55,0.12727272727272726,0.1087906709942565,1,0.6016399484575057,1,1
A000000260257,제로이드 수딩 크림,복합성,9487e028a95e10580769138fcdc6bea8,58,0.10344827586206896,0.0917859015970415,1,0.5996735746166945,1,1
A000000260257,제로이드 수딩 크림,약건성,9487e028a95e10580769138fcdc6bea8,42,0.07142857142857142,0.06708548910595544,0,0.5507455497353824,1,0
A000000260257,제로이드 수딩 크림,중성,9487e028a95e10580769138fcdc6bea8,41,0.0,0.01900492335359406,0,0.6016399484575057,1,0
A000000260257,제로이드 수딩 크림,지성,9487e028a95e10580769138fcdc6bea8,58,0.13793103448275862,0.11742692723806715,1,0.6073402836026923,1,1
A000000260257,제로이드 수딩 크림,트러블성,9487e028a95e10580769138fcdc6bea8,59,0.05084745762711865,0.05264937119707895,0,0.6081411756783079,1,0
A000000260348,리쥬덱스 더마 리페어링 크림,건성,75084446fc859fb044eb70fcb65e2b69,52,0.0,0.016101393396794967,0,0.42097946420684906,0,1
A000000260348,리쥬덱스 더마 리페어링 크림,민감성,75084446fc859fb044eb70fcb65e2b69,46,0.021739130434782608,0.03271667158438239,0,0.4465052468283134,0,1
A000000260348,리쥬덱스 더마 리페어링 크림,복합성,75084446fc859fb044eb70fcb65e2b69,49,0.02040816326530612,0.03129420760245272,0,0.46695599865588266,0,1
A000000260348,리쥬덱스 더마 리페어링 크림,약건성,75084446fc859fb044eb70fcb65e2b69,15,0.0,0.033122866416263934,0,0.4134348961391438,0,1
A000000260348,리쥬덱스 더마 리페어링 크림,중성,75084446fc859fb044eb70fcb65e2b69,11,0.09090909090909091,0.06965484917965283,0,0.46882758164792265,0,1
A000000260348,리쥬덱스 더마 리페어링 크림,지성,75084446fc859fb044eb70fcb65e2b69,43,0.11627906976744186,0.09776667181855932,1,0.4862431208225275,1,1
A000000260348,리쥬덱스 더마 리페어링 크림,트러블성,75084446fc859fb044eb70fcb65e2b69,42,0.023809523809523808,0.03482742458982641,0,0.48265575429940105,1,0
