product_id,product_name,v3_total_ingredient_count,v3_count_humectant,v3_count_emollient,v3_count_occlusive,v3_count_barrier,v3_count_soothing,v3_count_active,v3_count_fragrance,v3_count_acid_exfoliant,v3_count_silicone,v3_count_peptide,v3_count_botanical_extract,v3_count_oil_butter,v3_ratio_humectant,v3_ratio_emollient,v3_ratio_occlusive,v3_ratio_barrier,v3_ratio_soothing,v3_ratio_active,v3_ratio_fragrance,v3_ratio_acid_exfoliant,v3_ratio_silicone,v3_ratio_peptide,v3_ratio_botanical_extract,v3_ratio_oil_butter
A000000002848,바이오더마 세비엄 포어 리파이너,33,8,1,6,0,0,1,1,1,6,0,3,1,0.24242424242424243,0.030303030303030304,0.18181818181818182,0.0,0.0,0.030303030303030304,0.030303030303030304,0.030303030303030304,0.18181818181818182,0.0,0.09090909090909091,0.030303030303030304
A000000010471,라로슈포제 에빠끌라 MAT 세보 컨트롤링 모이스춰라이저,24,3,1,2,0,0,2,1,2,2,0,0,0,0.125,0.041666666666666664,0.08333333333333333,0.0,0.0,0.08333333333333333,0.041666666666666664,0.08333333333333333,0.08333333333333333,0.0,0.0,0.0
A000000117624,엠브리올리스 레 크렘 콘센트레,20,2,2,3,2,1,0,1,0,0,0,1,2,0.1,0.1,0.15,0.1,0.05,0.0,0.05,0.0,0.0,0.0,0.05,0.1
A000000126470,유세린 울트라 센서티브 리페어 크림,16,5,3,1,1,2,0,0,0,0,0,1,2,0.3125,0.1875,0.0625,0.0625,0.125,0.0,0.0,0.0,0.0,0.0,0.0625,0.125
A000000134691,바이오더마 시카비오 포마드,27,6,1,1,0,3,1,0,0,0,1,2,1,0.2222222222222222,0.037037037037037035,0.037037037037037035,0.0,0.1111111111111111,0.037037037037037035,0.0,0.0,0.0,0.037037037037037035,0.07407407407407407,0.037037037037037035
A000000145285,닥터디퍼런트 비타리프트-A 크림,21,4,3,2,5,0,3,0,0,0,0,0,2,0.19047619047619047,0.14285714285714285,0.09523809523809523,0.23809523809523808,0.0,0.14285714285714285,0.0,0.0,0.0,0.0,0.0,0.09523809523809523
A000000145331,닥터디퍼런트 세콜지 311 보습 장벽 크림,42,8,3,0,8,0,1,0,0,0,0,1,1,0.19047619047619047,0.07142857142857142,0.0,0.19047619047619047,0.0,0.023809523809523808,0.0,0.0,0.0,0.0,0.023809523809523808,0.023809523809523808
A000000145333,닥터디퍼런트 113 세콜지 모이스처라이저,44,8,3,0,8,0,2,0,0,0,0,1,1,0.18181818181818182,0.06818181818181818,0.0,0.18181818181818182,0.0,0.045454545454545456,0.0,0.0,0.0,0.0,0.022727272727272728,0.022727272727272728
A000000147109,유세린 우레아 리페어 크림,25,4,3,0,3,0,2,0,1,0,0,0,0,0.16,0.12,0.0,0.12,0.0,0.08,0.0,0.04,0.0,0.0,0.0,0.0
A000000149064,휘게 릴리프 캐모마일 크림,33,10,3,2,1,7,1,0,0,1,0,4,1,0.30303030303030304,0.09090909090909091,0.06060606060606061,0.030303030303030304,0.21212121212121213,0.030303030303030304,0.0,0.0,0.030303030303030304,0.0,0.12121212121212122,0.030303030303030304
A000000149138,이즈앤트리 히아루론산 아쿠아 젤 크림,39,14,2,0,0,6,0,0,0,1,0,9,0,0.358974358974359,0.05128205128205128,0.0,0.0,0.15384615384615385,0.0,0.0,0.0,0.02564102564102564,0.0,0.23076923076923078,0.0
A000000149717,바이오더마 세비엄 센서티브,25,4,2,1,0,0,2,1,0,1,0,2,0,0.16,0.08,0.04,0.0,0.0,0.08,0.04,0.0,0.04,0.0,0.08,0.0
A000000150145,더랩바이블랑두 저분자 히알루론산 카밍 크림,29,8,4,5,1,1,0,0,0,2,0,3,3,0.27586206896551724,0.13793103448275862,0.1724137931034483,0.034482758620689655,0.034482758620689655,0.0,0.0,0.0,0.06896551724137931,0.0,0.10344827586206896,0.10344827586206896
A000000150817,아크네스 스팟 클리어 크림 패치,43,11,1,1,5,4,1,0,0,0,0,4,1,0.2558139534883721,0.023255813953488372,0.023255813953488372,0.11627906976744186,0.09302325581395349,0.023255813953488372,0.0,0.0,0.0,0.0,0.09302325581395349,0.023255813953488372
A000000155291,웰라쥬 리얼 시카카밍 95 크림,49,9,5,2,5,7,2,0,0,1,0,2,0,0.1836734693877551,0.10204081632653061,0.04081632653061224,0.10204081632653061,0.14285714285714285,0.04081632653061224,0.0,0.0,0.02040816326530612,0.0,0.04081632653061224,0.0
A000000156230,에스네이처 아쿠아 스쿠알란 수분크림,27,19,1,1,2,2,2,0,0,0,1,0,0,0.7037037037037037,0.037037037037037035,0.037037037037037035,0.07407407407407407,0.07407407407407407,0.07407407407407407,0.0,0.0,0.0,0.037037037037037035,0.0,0.0
A000000158038,아비브 부활초 크림 뉴트리션,40,6,8,4,3,2,2,0,0,1,0,3,2,0.15,0.2,0.1,0.075,0.05,0.05,0.0,0.0,0.025,0.0,0.075,0.05
A000000161804,라로슈포제 똘러리앙 덤알레르고 플루이드,18,5,2,2,2,0,1,0,0,0,1,2,1,0.2777777777777778,0.1111111111111111,0.1111111111111111,0.1111111111111111,0.0,0.05555555555555555,0.0,0.0,0.0,0.05555555555555555,0.1111111111111111,0.05555555555555555
A000000161805,라로슈포제 똘러리앙 덤알레르고 크림,20,4,4,4,2,0,1,0,0,2,1,2,1,0.2,0.2,0.2,0.1,0.0,0.05,0.0,0.0,0.1,0.05,0.1,0.05
A000000163496,라운드랩 포 맨 자작나무 수분 크림,41,8,1,2,2,3,2,0,0,3,0,11,0,0.1951219512195122,0.024390243902439025,0.04878048780487805,0.04878048780487805,0.07317073170731707,0.04878048780487805,0.0,0.0,0.07317073170731707,0.0,0.2682926829268293,0.0
A000000163687,비플레인 시카테롤 크림,31,8,2,0,2,7,2,0,0,0,0,2,0,0.25806451612903225,0.06451612903225806,0.0,0.06451612903225806,0.22580645161290322,0.06451612903225806,0.0,0.0,0.0,0.0,0.06451612903225806,0.0
A000000164614,어바웃미 숲 진정 수분 크림,49,6,1,4,0,5,2,0,0,3,0,11,3,0.12244897959183673,0.02040816326530612,0.08163265306122448,0.0,0.10204081632653061,0.04081632653061224,0.0,0.0,0.061224489795918366,0.0,0.22448979591836735,0.061224489795918366
A000000166586,라운드랩 자작나무 수분 크림,38,8,4,1,1,3,1,0,0,0,0,12,0,0.21052631578947367,0.10526315789473684,0.02631578947368421,0.02631578947368421,0.07894736842105263,0.02631578947368421,0.0,0.0,0.0,0.0,0.3157894736842105,0.0
A000000171829,바이오더마 아토덤 인텐시브 밤,36,6,2,1,5,0,1,0,0,0,0,1,3,0.16666666666666666,0.05555555555555555,0.027777777777777776,0.1388888888888889,0.0,0.027777777777777776,0.0,0.0,0.0,0.0,0.027777777777777776,0.08333333333333333
A000000172040,메이크프렘 인테카 수딩크림,30,10,2,2,1,3,2,0,0,1,0,0,1,0.3333333333333333,0.06666666666666667,0.06666666666666667,0.03333333333333333,0.1,0.06666666666666667,0.0,0.0,0.03333333333333333,0.0,0.0,0.03333333333333333
A000000172453,닥터지 레드 블레미쉬 클리어 모이스처 크림,50,8,6,3,6,7,1,0,0,2,0,1,1,0.16,0.12,0.06,0.12,0.14,0.02,0.0,0.0,0.04,0.0,0.02,0.02
A000000173140,달바 세럼 올인원 멀티밤,63,4,3,4,1,3,4,6,0,0,0,20,15,0.06349206349206349,0.047619047619047616,0.06349206349206349,0.015873015873015872,0.047619047619047616,0.06349206349206349,0.09523809523809523,0.0,0.0,0.0,0.31746031746031744,0.23809523809523808
A000000173180,비욘드 엔젤아쿠아 보습장벽크림,52,11,8,3,2,8,2,0,0,1,0,14,2,0.21153846153846154,0.15384615384615385,0.057692307692307696,0.038461538461538464,0.15384615384615385,0.038461538461538464,0.0,0.0,0.019230769230769232,0.0,0.2692307692307692,0.038461538461538464
A000000174316,라로슈포제 시카플라스트 밤B5,33,5,2,4,1,3,1,0,0,2,0,1,1,0.15151515151515152,0.06060606060606061,0.12121212121212122,0.030303030303030304,0.09090909090909091,0.030303030303030304,0.0,0.0,0.06060606060606061,0.0,0.030303030303030304,0.030303030303030304
A000000178512,웰라쥬 리얼 히알루로닉 100 크림,63,16,4,4,8,3,3,0,0,1,0,9,1,0.25396825396825395,0.06349206349206349,0.06349206349206349,0.12698412698412698,0.047619047619047616,0.047619047619047616,0.0,0.0,0.015873015873015872,0.0,0.14285714285714285,0.015873015873015872
A000000180543,코스알엑스 더 레티놀 0.1 크림,51,10,4,3,4,2,7,0,0,2,0,1,5,0.19607843137254902,0.0784313725490196,0.058823529411764705,0.0784313725490196,0.0392156862745098,0.13725490196078433,0.0,0.0,0.0392156862745098,0.0,0.0196078431372549,0.09803921568627451
A000000182685,에스트라 테라크네365 수딩 액티브 모이스처라이저,18,2,3,1,0,1,3,0,1,1,0,0,0,0.1111111111111111,0.16666666666666666,0.05555555555555555,0.0,0.05555555555555555,0.16666666666666666,0.0,0.05555555555555555,0.05555555555555555,0.0,0.0,0.0
A000000182795,프리메라 알파인 베리 워터리 크림,39,3,8,5,3,1,2,3,0,2,0,2,2,0.07692307692307693,0.20512820512820512,0.1282051282051282,0.07692307692307693,0.02564102564102564,0.05128205128205128,0.07692307692307693,0.0,0.05128205128205128,0.0,0.05128205128205128,0.05128205128205128
A000000183498,에뛰드 순정 수분 베리어 크림,28,5,3,1,1,4,1,0,0,1,0,2,0,0.17857142857142858,0.10714285714285714,0.03571428571428571,0.03571428571428571,0.14285714285714285,0.03571428571428571,0.0,0.0,0.03571428571428571,0.0,0.07142857142857142,0.0
A000000183713,토리든 밸런스풀 시카 진정 크림,44,7,2,0,1,7,2,0,1,0,1,6,0,0.1590909090909091,0.045454545454545456,0.0,0.022727272727272728,0.1590909090909091,0.045454545454545456,0.0,0.022727272727272728,0.0,0.022727272727272728,0.13636363636363635,0.0
A000000185456,나인위시스 비건 화이트 톤업 크림,48,13,1,4,0,3,2,0,0,5,0,15,1,0.2708333333333333,0.020833333333333332,0.08333333333333333,0.0,0.0625,0.041666666666666664,0.0,0.0,0.10416666666666667,0.0,0.3125,0.020833333333333332
A000000187127,피지오겔 레드수딩 시카밸런스 크림,28,7,4,4,5,6,1,0,0,1,0,0,0,0.25,0.14285714285714285,0.14285714285714285,0.17857142857142858,0.21428571428571427,0.03571428571428571,0.0,0.0,0.03571428571428571,0.0,0.0,0.0
A000000188751,몰바니 아티초크 카밍 케어 수딩 크림,50,11,4,1,5,5,3,1,0,0,0,12,1,0.22,0.08,0.02,0.1,0.1,0.06,0.02,0.0,0.0,0.0,0.24,0.02
A000000188831,조선미녀 조선미녀크림,37,7,3,2,3,0,2,0,0,0,0,7,2,0.1891891891891892,0.08108108108108109,0.05405405405405406,0.08108108108108109,0.0,0.05405405405405406,0.0,0.0,0.0,0.0,0.1891891891891892,0.05405405405405406
A000000189000,라운드랩 약콩 판테놀 크림,39,6,7,2,9,1,1,0,0,1,0,1,1,0.15384615384615385,0.1794871794871795,0.05128205128205128,0.23076923076923078,0.02564102564102564,0.02564102564102564,0.0,0.0,0.02564102564102564,0.0,0.02564102564102564,0.02564102564102564
A000000189056,에스트라 리제덤365 밀도탄력 캡슐크림,49,5,7,3,4,0,4,0,0,2,0,1,1,0.10204081632653061,0.14285714285714285,0.061224489795918366,0.08163265306122448,0.0,0.08163265306122448,0.0,0.0,0.04081632653061224,0.0,0.02040816326530612,0.02040816326530612
A000000189248,바이오힐보 판테셀 리페어시카 크림,53,7,4,0,4,7,13,0,0,0,12,2,1,0.1320754716981132,0.07547169811320754,0.0,0.07547169811320754,0.1320754716981132,0.24528301886792453,0.0,0.0,0.0,0.22641509433962265,0.03773584905660377,0.018867924528301886
A000000189587,헤라 하이드로 리플렉팅 마이크로 크림,50,8,3,0,2,2,5,1,0,0,1,5,1,0.16,0.06,0.0,0.04,0.04,0.1,0.02,0.0,0.0,0.02,0.1,0.02
A000000191715,아벤느 클리낭스 아쿠아크림-인-젤 수분 크림,25,4,2,0,0,0,2,1,0,0,0,1,0,0.16,0.08,0.0,0.0,0.0,0.08,0.04,0.0,0.0,0.0,0.04,0.0
A000000192105,CKD 레티노콜라겐 저분자 300 괄사 목주름 크림,72,10,4,3,4,1,5,2,0,2,1,9,3,0.1388888888888889,0.05555555555555555,0.041666666666666664,0.05555555555555555,0.013888888888888888,0.06944444444444445,0.027777777777777776,0.0,0.027777777777777776,0.013888888888888888,0.125,0.041666666666666664
A000000192300,몰바니 볼륨 인크리징 프로틴 크림,38,5,3,1,2,1,3,0,1,2,0,5,0,0.13157894736842105,0.07894736842105263,0.02631578947368421,0.05263157894736842,0.02631578947368421,0.07894736842105263,0.0,0.02631578947368421,0.05263157894736842,0.0,0.13157894736842105,0.0
A000000192405,더하르나이 시카이드 크림,57,13,3,3,3,7,9,0,0,2,8,5,1,0.22807017543859648,0.05263157894736842,0.05263157894736842,0.05263157894736842,0.12280701754385964,0.15789473684210525,0.0,0.0,0.03508771929824561,0.14035087719298245,0.08771929824561403,0.017543859649122806
A000000192520,로벡틴 아쿠아 히알루로닉 수딩 크림,31,4,2,1,1,2,2,0,0,0,0,3,5,0.12903225806451613,0.06451612903225806,0.03225806451612903,0.03225806451612903,0.06451612903225806,0.06451612903225806,0.0,0.0,0.0,0.0,0.0967741935483871,0.16129032258064516
A000000192782,에스네이처 아쿠아 스쿠알란 수분크림,27,19,1,1,2,2,2,0,0,0,1,0,0,0.7037037037037037,0.037037037037037035,0.037037037037037035,0.07407407407407407,0.07407407407407407,0.07407407407407407,0.0,0.0,0.0,0.037037037037037035,0.0,0.0
A000000198166,라네즈 워터뱅크 모이스춰 크림,38,8,6,4,7,3,2,1,0,3,1,1,0,0.21052631578947367,0.15789473684210525,0.10526315789473684,0.18421052631578946,0.07894736842105263,0.05263157894736842,0.02631578947368421,0.0,0.07894736842105263,0.02631578947368421,0.02631578947368421,0.0
A000000198320,에스트라 아토베리어365 크림,42,4,6,4,8,1,2,0,0,2,0,0,0,0.09523809523809523,0.14285714285714285,0.09523809523809523,0.19047619047619047,0.023809523809523808,0.047619047619047616,0.0,0.0,0.047619047619047616,0.0,0.0,0.0
A000000198721,아비브 어성초 크림 카밍,46,15,2,5,4,5,2,0,0,6,0,6,0,0.32608695652173914,0.043478260869565216,0.10869565217391304,0.08695652173913043,0.10869565217391304,0.043478260869565216,0.0,0.0,0.13043478260869565,0.0,0.13043478260869565,0.0
A000000199155,라운드랩 포 맨 소나무 진정 시카 크림,42,7,2,1,0,7,1,0,1,1,0,15,0,0.16666666666666666,0.047619047619047616,0.023809523809523808,0.0,0.16666666666666666,0.023809523809523808,0.0,0.023809523809523808,0.023809523809523808,0.0,0.35714285714285715,0.0
A000000199257,로우퀘스트 베리어 리커버리 크림,57,9,8,5,5,4,1,0,0,1,0,8,7,0.15789473684210525,0.14035087719298245,0.08771929824561403,0.08771929824561403,0.07017543859649122,0.017543859649122806,0.0,0.0,0.017543859649122806,0.0,0.14035087719298245,0.12280701754385964
A000000199701,바이오힐보 프로바이오덤 3D리프팅 크림,79,10,8,3,2,2,19,1,0,1,17,2,3,0.12658227848101267,0.10126582278481013,0.0379746835443038,0.02531645569620253,0.02531645569620253,0.24050632911392406,0.012658227848101266,0.0,0.012658227848101266,0.21518987341772153,0.02531645569620253,0.0379746835443038
A000000199714,닥터지 더모이스처 배리어 D 인텐스 크림,63,18,4,3,9,3,3,0,1,2,0,1,0,0.2857142857142857,0.06349206349206349,0.047619047619047616,0.14285714285714285,0.047619047619047616,0.047619047619047616,0.0,0.015873015873015872,0.031746031746031744,0.0,0.015873015873015872,0.0
A000000199889,리얼베리어 익스트림 크림 라이트,48,16,3,1,4,6,1,0,0,1,0,0,8,0.3333333333333333,0.0625,0.020833333333333332,0.08333333333333333,0.125,0.020833333333333332,0.0,0.0,0.020833333333333332,0.0,0.0,0.16666666666666666
A000000200133,아벤느 똘레랑스 하이드레이팅 플루이드,9,2,1,0,0,0,0,0,0,0,0,0,0,0.2222222222222222,0.1111111111111111,0.0,0.0,0.0,0.0,0.0,0.0,0.0,0.0,0.0,0.0
A000000200356,닥터디퍼런트 비타리프트 에이 포르테,21,4,3,2,5,0,3,0,0,0,0,0,2,0.19047619047619047,0.14285714285714285,0.09523809523809523,0.23809523809523808,0.0,0.14285714285714285,0.0,0.0,0.0,0.0,0.0,0.09523809523809523
A000000200666,토리든 셀메이징 저분자 콜라겐 탄력 크림,58,17,4,1,1,2,3,0,0,1,1,1,0,0.29310344827586204,0.06896551724137931,0.017241379310344827,0.017241379310344827,0.034482758620689655,0.05172413793103448,0.0,0.0,0.017241379310344827,0.017241379310344827,0.017241379310344827,0.0
A000000200725,아벤느 시칼파트 플러스 SOS 리페어 크림,19,2,1,3,0,0,0,0,0,0,0,0,2,0.10526315789473684,0.05263157894736842,0.15789473684210525,0.0,0.0,0.0,0.0,0.0,0.0,0.0,0.0,0.10526315789473684
A000000200804,마몽드 플로라 글로우 로즈 스무딩 크림,34,9,3,1,0,0,2,1,1,1,0,1,3,0.2647058823529412,0.08823529411764706,0.029411764705882353,0.0,0.0,0.058823529411764705,0.029411764705882353,0.029411764705882353,0.029411764705882353,0.0,0.029411764705882353,0.08823529411764706
A000000202893,에스네이처 아쿠아 오아시스 수분 젤크림,24,12,0,2,0,1,0,0,0,2,0,1,0,0.5,0.0,0.08333333333333333,0.0,0.041666666666666664,0.0,0.0,0.0,0.08333333333333333,0.0,0.041666666666666664,0.0
A000000203831,스킨푸드 블루 캐모마일 히알루로닉 수분크림,34,12,2,0,1,3,3,0,0,0,0,0,0,0.35294117647058826,0.058823529411764705,0.0,0.029411764705882353,0.08823529411764706,0.08823529411764706,0.0,0.0,0.0,0.0,0.0,0.0
A000000204308,바이오힐보 프로바이오덤 콜라겐 리모델링 크림,67,10,3,3,5,2,17,1,2,4,12,5,0,0.14925373134328357,0.04477611940298507,0.04477611940298507,0.07462686567164178,0.029850746268656716,0.2537313432835821,0.014925373134328358,0.029850746268656716,0.05970149253731343,0.1791044776119403,0.07462686567164178,0.0
A000000204949,센텔리안24 마데카 크림 타임 리버스,108,15,8,6,5,15,8,3,0,2,1,9,19,0.1388888888888889,0.07407407407407407,0.05555555555555555,0.046296296296296294,0.1388888888888889,0.07407407407407407,0.027777777777777776,0.0,0.018518518518518517,0.009259259259259259,0.08333333333333333,0.17592592592592593
A000000206053,넘버즈인 1번 판토텐산 액티브 수딩크림,59,6,3,4,2,7,3,0,0,4,0,21,2,0.1016949152542373,0.05084745762711865,0.06779661016949153,0.03389830508474576,0.11864406779661017,0.05084745762711865,0.0,0.0,0.06779661016949153,0.0,0.3559322033898305,0.03389830508474576
A000000206212,메디큐브 제로 모공 원데이 크림,61,13,6,3,2,4,4,1,1,2,1,9,0,0.21311475409836064,0.09836065573770492,0.04918032786885246,0.03278688524590164,0.06557377049180328,0.06557377049180328,0.01639344262295082,0.01639344262295082,0.03278688524590164,0.01639344262295082,0.14754098360655737,0.0
A000000206312,피캄 센텔라 트러블 스팟,42,7,1,1,1,7,6,0,4,0,0,8,0,0.16666666666666666,0.023809523809523808,0.023809523809523808,0.023809523809523808,0.16666666666666666,0.14285714285714285,0.0,0.09523809523809523,0.0,0.0,0.19047619047619047,0.0
A000000206904,라로슈포제 시카플라스트 밤 B5,33,5,2,4,1,3,1,0,0,2,0,1,1,0.15151515151515152,0.06060606060606061,0.12121212121212122,0.030303030303030304,0.09090909090909091,0.030303030303030304,0.0,0.0,0.06060606060606061,0.0,0.030303030303030304,0.030303030303030304
A000000208331,바이오더마 시카비오 크림,28,8,2,1,1,0,2,0,0,0,1,0,4,0.2857142857142857,0.07142857142857142,0.03571428571428571,0.03571428571428571,0.0,0.07142857142857142,0.0,0.0,0.0,0.03571428571428571,0.0,0.14285714285714285
A000000208491,이지듀 EGF 글루타치온 기미잡티 크림,74,11,5,3,4,3,10,2,0,3,5,8,8,0.14864864864864866,0.06756756756756757,0.04054054054054054,0.05405405405405406,0.04054054054054054,0.13513513513513514,0.02702702702702703,0.0,0.04054054054054054,0.06756756756756757,0.10810810810810811,0.10810810810810811
A000000209747,제로이드 수딩 크림,22,6,3,1,1,0,1,0,0,1,0,0,1,0.2727272727272727,0.13636363636363635,0.045454545454545456,0.045454545454545456,0.0,0.045454545454545456,0.0,0.0,0.045454545454545456,0.0,0.0,0.045454545454545456
A000000209906,제로이드 더마뉴얼 리페어 크림,24,6,3,3,2,2,1,0,0,3,0,0,0,0.25,0.125,0.125,0.08333333333333333,0.08333333333333333,0.041666666666666664,0.0,0.0,0.125,0.0,0.0,0.0
A000000210054,아누아 복숭아 나이아신아마이드 인리치드 크림,39,8,2,4,2,1,3,1,0,3,0,3,0,0.20512820512820512,0.05128205128205128,0.10256410256410256,0.05128205128205128,0.02564102564102564,0.07692307692307693,0.02564102564102564,0.0,0.07692307692307693,0.0,0.07692307692307693,0.0
A000000210600,넘버즈인 5번 글루타치온씨 흔적 토닝 레이저 크림,70,10,0,2,6,5,16,0,0,2,8,6,3,0.14285714285714285,0.0,0.02857142857142857,0.08571428571428572,0.07142857142857142,0.22857142857142856,0.0,0.0,0.02857142857142857,0.11428571428571428,0.08571428571428572,0.04285714285714286
A000000211085,오드로이 모공수축크림 로프디 모공타이트닝,29,6,2,1,1,3,2,1,0,0,0,4,2,0.20689655172413793,0.06896551724137931,0.034482758620689655,0.034482758620689655,0.10344827586206896,0.06896551724137931,0.034482758620689655,0.0,0.0,0.0,0.13793103448275862,0.06896551724137931
A000000211188,피지오겔 시카밸런스 포맨 카밍 크림,37,7,8,1,4,7,2,0,0,0,0,0,2,0.1891891891891892,0.21621621621621623,0.02702702702702703,0.10810810810810811,0.1891891891891892,0.05405405405405406,0.0,0.0,0.0,0.0,0.0,0.05405405405405406
A000000211478,아비브 부활초 크림 뉴트리션,40,6,8,4,3,2,2,0,0,1,0,3,2,0.15,0.2,0.1,0.075,0.05,0.05,0.0,0.0,0.025,0.0,0.075,0.05
A000000212010,LBB 골드렐라 펩타이드 28 안티 멜라닌 마스크 크림,36,5,5,3,1,0,8,0,0,1,5,1,5,0.1388888888888889,0.1388888888888889,0.08333333333333333,0.027777777777777776,0.0,0.2222222222222222,0.0,0.0,0.027777777777777776,0.1388888888888889,0.027777777777777776,0.1388888888888889
A000000212016,에센허브 티트리 수딩 인 카밍 크림,43,6,3,5,4,6,1,2,0,4,0,7,3,0.13953488372093023,0.06976744186046512,0.11627906976744186,0.09302325581395349,0.13953488372093023,0.023255813953488372,0.046511627906976744,0.0,0.09302325581395349,0.0,0.16279069767441862,0.06976744186046512
A000000212570,바이오더마 시카비오 크림,28,8,2,1,1,0,2,0,0,0,1,0,4,0.2857142857142857,0.07142857142857142,0.03571428571428571,0.03571428571428571,0.0,0.07142857142857142,0.0,0.0,0.0,0.03571428571428571,0.0,0.14285714285714285
A000000212690,브링그린 대나무 히알루 수분 부스팅 크림,32,12,3,2,3,2,0,0,0,1,0,2,0,0.375,0.09375,0.0625,0.09375,0.0625,0.0,0.0,0.0,0.03125,0.0,0.0625,0.0
A000000212724,듀이트리 AC 딥 흔적 진정 크림,69,17,3,1,3,7,5,0,0,0,0,19,4,0.2463768115942029,0.043478260869565216,0.014492753623188406,0.043478260869565216,0.10144927536231885,0.07246376811594203,0.0,0.0,0.0,0.0,0.2753623188405797,0.057971014492753624
A000000213409,덱스판테놀17만ppm 장벽크림,26,2,2,1,0,2,2,0,0,1,0,0,8,0.07692307692307693,0.07692307692307693,0.038461538461538464,0.0,0.07692307692307693,0.07692307692307693,0.0,0.0,0.038461538461538464,0.0,0.0,0.3076923076923077
A000000214168,키엘 울트라 훼이셜 크림,35,1,4,2,3,0,2,0,1,1,0,2,7,0.02857142857142857,0.11428571428571428,0.05714285714285714,0.08571428571428572,0.0,0.05714285714285714,0.0,0.02857142857142857,0.02857142857142857,0.0,0.05714285714285714,0.2
A000000214302,코이 플로우 셀코드 크라이오 크림,55,19,3,5,2,1,3,5,1,4,0,3,0,0.34545454545454546,0.05454545454545454,0.09090909090909091,0.03636363636363636,0.01818181818181818,0.05454545454545454,0.09090909090909091,0.01818181818181818,0.07272727272727272,0.0,0.05454545454545454,0.0
A000000215363,셀퓨전씨 레이저 리쥬버네이션 크림,48,6,4,4,5,3,10,0,0,3,5,5,2,0.125,0.08333333333333333,0.08333333333333333,0.10416666666666667,0.0625,0.20833333333333334,0.0,0.0,0.0625,0.10416666666666667,0.10416666666666667,0.041666666666666664
A000000215507,이지듀 멜라 글루타치온 크림,74,11,5,3,4,3,10,2,0,3,5,8,8,0.14864864864864866,0.06756756756756757,0.04054054054054054,0.05405405405405406,0.04054054054054054,0.13513513513513514,0.02702702702702703,0.0,0.04054054054054054,0.06756756756756757,0.10810810810810811,0.10810810810810811
A000000216509,넘버즈인 1번 판토텐산 액티브 수딩크림,59,6,3,4,2,7,3,0,0,4,0,21,2,0.1016949152542373,0.05084745762711865,0.06779661016949153,0.03389830508474576,0.11864406779661017,0.05084745762711865,0.0,0.0,0.06779661016949153,0.0,0.3559322033898305,0.03389830508474576
A000000216580,셀퓨전씨 포스트 알파 시카 카밍 다운 크림,70,9,3,4,6,11,0,1,0,2,0,17,1,0.12857142857142856,0.04285714285714286,0.05714285714285714,0.08571428571428572,0.15714285714285714,0.0,0.014285714285714285,0.0,0.02857142857142857,0.0,0.24285714285714285,0.014285714285714285
A000000217355,스킨앤랩 베리어덤 인텐시브 크림,56,12,10,5,5,2,1,0,0,3,0,0,3,0.21428571428571427,0.17857142857142858,0.08928571428571429,0.08928571428571429,0.03571428571428571,0.017857142857142856,0.0,0.0,0.05357142857142857,0.0,0.0,0.05357142857142857
A000000218592,닥터자르트 시카페어 인텐시브 수딩 리페어 크림,46,6,5,3,0,5,4,0,0,1,1,2,2,0.13043478260869565,0.10869565217391304,0.06521739130434782,0.0,0.10869565217391304,0.08695652173913043,0.0,0.0,0.021739130434782608,0.021739130434782608,0.043478260869565216,0.043478260869565216
A000000218756,라운드랩 소나무 진정 시카 크림 플러스,69,13,8,3,5,7,3,0,0,1,0,12,2,0.18840579710144928,0.11594202898550725,0.043478260869565216,0.07246376811594203,0.10144927536231885,0.043478260869565216,0.0,0.0,0.014492753623188406,0.0,0.17391304347826086,0.028985507246376812
A000000219096,바이오던스 스킨 글로우 에센스 크림,47,14,3,1,10,2,3,0,0,0,0,4,0,0.2978723404255319,0.06382978723404255,0.02127659574468085,0.2127659574468085,0.0425531914893617,0.06382978723404255,0.0,0.0,0.0,0.0,0.0851063829787234,0.0
A000000219716,파티온 노스카나인 트러블 크림,56,8,6,4,12,5,0,0,1,3,0,3,2,0.14285714285714285,0.10714285714285714,0.07142857142857142,0.21428571428571427,0.08928571428571429,0.0,0.0,0.017857142857142856,0.05357142857142857,0.0,0.05357142857142857,0.03571428571428571
A000000221649,테라로직 레티날 주름탄력 크림,36,6,0,0,0,2,9,0,0,1,6,9,0,0.16666666666666666,0.0,0.0,0.0,0.05555555555555555,0.25,0.0,0.0,0.027777777777777776,0.16666666666666666,0.25,0.0
A000000222703,아누아 피디알엔 히알루론산 100 수분 크림,48,17,2,2,1,4,3,0,0,2,0,9,0,0.3541666666666667,0.041666666666666664,0.041666666666666664,0.020833333333333332,0.08333333333333333,0.0625,0.0,0.0,0.041666666666666664,0.0,0.1875,0.0
A000000222833,에스트라 아토베리어365 크림,42,4,6,4,8,1,2,0,0,2,0,0,0,0.09523809523809523,0.14285714285714285,0.09523809523809523,0.19047619047619047,0.023809523809523808,0.047619047619047616,0.0,0.0,0.047619047619047616,0.0,0.0,0.0
A000000222882,한율 트러블 진정 쑥시카 수분 크림,39,6,4,3,4,4,2,1,0,3,0,2,0,0.15384615384615385,0.10256410256410256,0.07692307692307693,0.10256410256410256,0.10256410256410256,0.05128205128205128,0.02564102564102564,0.0,0.07692307692307693,0.0,0.05128205128205128,0.0
A000000224147,바이오힐보 프로바이오덤 3D리프팅 스킨케어,79,11,4,6,3,2,19,1,0,4,17,3,1,0.13924050632911392,0.05063291139240506,0.0759493670886076,0.0379746835443038,0.02531645569620253,0.24050632911392406,0.012658227848101266,0.0,0.05063291139240506,0.21518987341772153,0.0379746835443038,0.012658227848101266
A000000224243,풀리 그린 토마토 크림,47,5,2,5,3,3,3,0,0,4,0,16,0,0.10638297872340426,0.0425531914893617,0.10638297872340426,0.06382978723404255,0.06382978723404255,0.06382978723404255,0.0,0.0,0.0851063829787234,0.0,0.3404255319148936,0.0
A000000224247,풀리 쌀 세라 캡슐 크림,54,13,3,1,6,7,2,0,0,1,0,7,1,0.24074074074074073,0.05555555555555555,0.018518518518518517,0.1111111111111111,0.12962962962962962,0.037037037037037035,0.0,0.0,0.018518518518518517,0.0,0.12962962962962962,0.018518518518518517
A000000224581,빌리프 아쿠아밤 프로즌 크림,52,9,3,4,2,2,4,5,0,4,1,10,5,0.17307692307692307,0.057692307692307696,0.07692307692307693,0.038461538461538464,0.038461538461538464,0.07692307692307693,0.09615384615384616,0.0,0.07692307692307693,0.019230769230769232,0.19230769230769232,0.09615384615384616
A000000224727,메이크프렘 인테카 수딩크림,30,10,2,2,1,3,2,0,0,1,0,0,1,0.3333333333333333,0.06666666666666667,0.06666666666666667,0.03333333333333333,0.1,0.06666666666666667,0.0,0.0,0.03333333333333333,0.0,0.0,0.03333333333333333
A000000224880,브이앤에이뷰티 안티옥시던트 시너지 크림,75,10,8,3,11,6,8,4,1,1,2,7,4,0.13333333333333333,0.10666666666666667,0.04,0.14666666666666667,0.08,0.10666666666666667,0.05333333333333334,0.013333333333333334,0.013333333333333334,0.02666666666666667,0.09333333333333334,0.05333333333333334
A000000225127,코스알엑스 더 세라마이드 스킨 베리어 모이스처라이저,49,12,7,4,12,2,1,0,0,2,0,0,0,0.24489795918367346,0.14285714285714285,0.08163265306122448,0.24489795918367346,0.04081632653061224,0.02040816326530612,0.0,0.0,0.04081632653061224,0.0,0.0,0.0
A000000225180,코스알엑스 어드벤스드 스네일 92 올인원 크림,19,5,2,1,2,2,1,0,0,1,0,0,0,0.2631578947368421,0.10526315789473684,0.05263157894736842,0.10526315789473684,0.10526315789473684,0.05263157894736842,0.0,0.0,0.05263157894736842,0.0,0.0,0.0
A000000225409,아누아 어성초 센텔라 레드 스팟 크림,67,6,8,5,12,7,3,0,0,3,0,5,1,0.08955223880597014,0.11940298507462686,0.07462686567164178,0.1791044776119403,0.1044776119402985,0.04477611940298507,0.0,0.0,0.04477611940298507,0.0,0.07462686567164178,0.014925373134328358
A000000226527,셀인샷 EGF 알란테놀 트러블 크림,53,8,5,1,4,4,5,1,0,0,2,5,3,0.1509433962264151,0.09433962264150944,0.018867924528301886,0.07547169811320754,0.07547169811320754,0.09433962264150944,0.018867924528301886,0.0,0.0,0.03773584905660377,0.09433962264150944,0.05660377358490566
A000000226553,브링그린 티트리 시카 수딩 크림 플러스,23,4,1,2,1,2,2,0,0,1,0,4,1,0.17391304347826086,0.043478260869565216,0.08695652173913043,0.043478260869565216,0.08695652173913043,0.08695652173913043,0.0,0.0,0.043478260869565216,0.0,0.17391304347826086,0.043478260869565216
A000000227939,퍼셀 픽셀바이옴 히알 콜라겐 유산균 크림,51,15,3,3,5,3,3,0,0,2,0,2,0,0.29411764705882354,0.058823529411764705,0.058823529411764705,0.09803921568627451,0.058823529411764705,0.058823529411764705,0.0,0.0,0.0392156862745098,0.0,0.0392156862745098,0.0
A000000228255,더마팩토리 바쿠치올 1% 크림,24,3,5,2,1,0,2,0,0,1,0,1,1,0.125,0.20833333333333334,0.08333333333333333,0.041666666666666664,0.0,0.08333333333333333,0.0,0.0,0.041666666666666664,0.0,0.041666666666666664,0.041666666666666664
A000000228346,토리든 솔리드인 세라마이드 크림,48,9,4,1,9,2,1,0,0,1,0,1,3,0.1875,0.08333333333333333,0.020833333333333332,0.1875,0.041666666666666664,0.020833333333333332,0.0,0.0,0.020833333333333332,0.0,0.020833333333333332,0.0625
A000000228390,잇츠스킨 시크릿 솔루션 웨딩 드레스 퓨어 크림,25,3,0,6,0,0,0,1,0,6,0,7,0,0.12,0.0,0.24,0.0,0.0,0.0,0.04,0.0,0.24,0.0,0.28,0.0
A000000229093,퍼셀 픽셀바이옴 히알 콜라겐 유산균 크림,51,15,3,3,5,3,3,0,0,2,0,2,0,0.29411764705882354,0.058823529411764705,0.058823529411764705,0.09803921568627451,0.058823529411764705,0.058823529411764705,0.0,0.0,0.0392156862745098,0.0,0.0392156862745098,0.0
A000000229455,셀라딕스 트러블 세라 캡슐 131 크림,41,11,5,2,7,2,3,0,0,0,1,3,0,0.2682926829268293,0.12195121951219512,0.04878048780487805,0.17073170731707318,0.04878048780487805,0.07317073170731707,0.0,0.0,0.0,0.024390243902439025,0.07317073170731707,0.0
A000000229620,제나벨 PDRN 리쥬비네이팅 크림,45,10,3,5,3,3,6,1,0,4,1,4,1,0.2222222222222222,0.06666666666666667,0.1111111111111111,0.06666666666666667,0.06666666666666667,0.13333333333333333,0.022222222222222223,0.0,0.08888888888888889,0.022222222222222223,0.08888888888888889,0.022222222222222223
A000000229621,제나벨 PDRN 인리치드 리커버리 밤,57,11,9,4,6,7,6,0,0,1,2,1,2,0.19298245614035087,0.15789473684210525,0.07017543859649122,0.10526315789473684,0.12280701754385964,0.10526315789473684,0.0,0.0,0.017543859649122806,0.03508771929824561,0.017543859649122806,0.03508771929824561
A000000229768,구달 청귤 비타C 잡티케어 크림 알파,57,6,5,5,0,1,11,0,0,6,0,3,10,0.10526315789473684,0.08771929824561403,0.08771929824561403,0.0,0.017543859649122806,0.19298245614035087,0.0,0.0,0.10526315789473684,0.0,0.05263157894736842,0.17543859649122806
A000000230799,오드로이 모공수축 크림 모공요철 케어,29,6,2,1,1,3,2,1,0,0,0,4,2,0.20689655172413793,0.06896551724137931,0.034482758620689655,0.034482758620689655,0.10344827586206896,0.06896551724137931,0.034482758620689655,0.0,0.0,0.0,0.13793103448275862,0.06896551724137931
A000000230877,바이오던스 포어 퍼펙팅 콜라겐 펩타이드 크림,57,16,5,3,1,1,13,0,0,2,10,1,0,0.2807017543859649,0.08771929824561403,0.05263157894736842,0.017543859649122806,0.017543859649122806,0.22807017543859648,0.0,0.0,0.03508771929824561,0.17543859649122806,0.017543859649122806,0.0
A000000231399,청미정 기미잡티크림 카카두플럼,28,7,3,1,0,0,2,2,0,0,1,4,3,0.25,0.10714285714285714,0.03571428571428571,0.0,0.0,0.07142857142857142,0.07142857142857142,0.0,0.0,0.03571428571428571,0.14285714285714285,0.10714285714285714
A000000231590,제로이드 인텐시브 크림,26,6,6,1,1,0,1,0,0,1,0,0,2,0.23076923076923078,0.23076923076923078,0.038461538461538464,0.038461538461538464,0.0,0.038461538461538464,0.0,0.0,0.038461538461538464,0.0,0.0,0.07692307692307693
A000000231638,디오디너리 설퍼 10% 파우더-투-크림 컨센트레이트,15,2,0,0,0,0,1,0,0,0,0,0,0,0.13333333333333333,0.0,0.0,0.0,0.0,0.06666666666666667,0.0,0.0,0.0,0.0,0.0,0.0
A000000231833,한율 쑥히알 수분 크림,28,7,0,2,0,1,0,1,0,2,0,1,0,0.25,0.0,0.07142857142857142,0.0,0.03571428571428571,0.0,0.03571428571428571,0.0,0.07142857142857142,0.0,0.03571428571428571,0.0
A000000231892,아누아 피디알엔 히알루론산 100 수분 크림,48,17,2,2,1,4,3,0,0,2,0,9,0,0.3541666666666667,0.041666666666666664,0.041666666666666664,0.020833333333333332,0.08333333333333333,0.0625,0.0,0.0,0.041666666666666664,0.0,0.1875,0.0
A000000232304,파티온 노스카나인 트러블 크림,56,8,6,4,12,5,0,0,1,3,0,3,2,0.14285714285714285,0.10714285714285714,0.07142857142857142,0.21428571428571427,0.08928571428571429,0.0,0.0,0.017857142857142856,0.05357142857142857,0.0,0.05357142857142857,0.03571428571428571
A000000232494,아누아 어성초 센텔라 레드 스팟 크림,67,6,8,5,12,7,3,0,0,3,0,5,1,0.08955223880597014,0.11940298507462686,0.07462686567164178,0.1791044776119403,0.1044776119402985,0.04477611940298507,0.0,0.0,0.04477611940298507,0.0,0.07462686567164178,0.014925373134328358
A000000232731,리브엠 워터핏 8중 수분착붙 크림,41,15,6,5,4,2,1,0,0,1,0,4,1,0.36585365853658536,0.14634146341463414,0.12195121951219512,0.0975609756097561,0.04878048780487805,0.024390243902439025,0.0,0.0,0.024390243902439025,0.0,0.0975609756097561,0.024390243902439025
A000000233322,닥터지 블랙스네일 크림,74,10,9,7,6,2,3,5,0,3,0,7,2,0.13513513513513514,0.12162162162162163,0.0945945945945946,0.08108108108108109,0.02702702702702703,0.04054054054054054,0.06756756756756757,0.0,0.04054054054054054,0.0,0.0945945945945946,0.02702702702702703
A000000233337,션리 다시마 글레이즈드 크림,51,6,5,5,4,0,3,0,0,3,0,11,2,0.11764705882352941,0.09803921568627451,0.09803921568627451,0.0784313725490196,0.0,0.058823529411764705,0.0,0.0,0.058823529411764705,0.0,0.21568627450980393,0.0392156862745098
A000000233614,이니스프리 그린티 수분크림,54,10,4,4,6,6,2,3,1,3,0,4,6,0.18518518518518517,0.07407407407407407,0.07407407407407407,0.1111111111111111,0.1111111111111111,0.037037037037037035,0.05555555555555555,0.018518518518518517,0.05555555555555555,0.0,0.07407407407407407,0.1111111111111111
A000000234280,SVR 시카비트 크림 HPPI,33,8,4,1,2,0,2,0,0,0,0,2,4,0.24242424242424243,0.12121212121212122,0.030303030303030304,0.06060606060606061,0.0,0.06060606060606061,0.0,0.0,0.0,0.0,0.06060606060606061,0.12121212121212122
A000000235267,키엘 울트라 훼이셜 오일-프리 젤 크림,22,5,1,2,0,0,2,0,1,2,0,1,0,0.22727272727272727,0.045454545454545456,0.09090909090909091,0.0,0.0,0.09090909090909091,0.0,0.045454545454545456,0.09090909090909091,0.0,0.045454545454545456,0.0
A000000235560,유리아쥬 시카 데일리 리페어 콘센트레 탄력 크림,26,4,5,2,2,2,2,0,0,0,0,1,1,0.15384615384615385,0.19230769230769232,0.07692307692307693,0.07692307692307693,0.07692307692307693,0.07692307692307693,0.0,0.0,0.0,0.0,0.038461538461538464,0.038461538461538464
A000000236508,프리메라 비타티놀 인텐스 바운시 리프트 마스크 크림,67,8,9,8,3,2,10,0,1,3,0,0,1,0.11940298507462686,0.13432835820895522,0.11940298507462686,0.04477611940298507,0.029850746268656716,0.14925373134328357,0.0,0.014925373134328358,0.04477611940298507,0.0,0.0,0.014925373134328358
A000000236996,샤이샤이샤이 리포좀 리페어 밀키 크림,46,8,3,5,5,2,4,4,0,4,2,6,1,0.17391304347826086,0.06521739130434782,0.10869565217391304,0.10869565217391304,0.043478260869565216,0.08695652173913043,0.08695652173913043,0.0,0.08695652173913043,0.043478260869565216,0.13043478260869565,0.021739130434782608
A000000237442,이니스프리 비타민C 캡슐 크림,69,17,4,2,4,1,10,0,1,1,0,4,4,0.2463768115942029,0.057971014492753624,0.028985507246376812,0.057971014492753624,0.014492753623188406,0.14492753623188406,0.0,0.014492753623188406,0.014492753623188406,0.0,0.057971014492753624,0.057971014492753624
A000000238408,믹순 히알레배 포어 블러링 크림,41,11,4,2,1,4,5,0,2,0,0,6,0,0.2682926829268293,0.0975609756097561,0.04878048780487805,0.024390243902439025,0.0975609756097561,0.12195121951219512,0.0,0.04878048780487805,0.0,0.0,0.14634146341463414,0.0
A000000238458,오아조 더마 테카 카밍 크림,52,11,3,3,7,5,3,1,0,1,0,1,3,0.21153846153846154,0.057692307692307696,0.057692307692307696,0.1346153846153846,0.09615384615384616,0.057692307692307696,0.019230769230769232,0.0,0.019230769230769232,0.0,0.019230769230769232,0.057692307692307696
A000000238594,우노 크림 퍼펙션,33,6,1,2,0,0,2,4,1,2,0,1,0,0.18181818181818182,0.030303030303030304,0.06060606060606061,0.0,0.0,0.06060606060606061,0.12121212121212122,0.030303030303030304,0.06060606060606061,0.0,0.030303030303030304,0.0
A000000238669,닥터엘시아 345 릴리프 크림,38,8,3,4,3,6,3,0,0,3,0,2,0,0.21052631578947367,0.07894736842105263,0.10526315789473684,0.07894736842105263,0.15789473684210525,0.07894736842105263,0.0,0.0,0.07894736842105263,0.0,0.05263157894736842,0.0
A000000238929,차앤박 프로폴리스 앰플 액티브 샷 크림,62,7,6,3,6,7,1,4,0,2,0,8,2,0.11290322580645161,0.0967741935483871,0.04838709677419355,0.0967741935483871,0.11290322580645161,0.016129032258064516,0.06451612903225806,0.0,0.03225806451612903,0.0,0.12903225806451613,0.03225806451612903
A000000239660,피지오겔 DMT 페이셜 보습 장벽 크림,13,2,3,2,3,0,0,0,0,0,0,0,2,0.15384615384615385,0.23076923076923078,0.15384615384615385,0.23076923076923078,0.0,0.0,0.0,0.0,0.0,0.0,0.0,0.15384615384615385
A000000240908,메디큐브 PDRN 핑크 히알루로닉 수분크림,57,13,4,2,9,2,8,1,0,1,5,6,1,0.22807017543859648,0.07017543859649122,0.03508771929824561,0.15789473684210525,0.03508771929824561,0.14035087719298245,0.017543859649122806,0.0,0.017543859649122806,0.08771929824561403,0.10526315789473684,0.017543859649122806
A000000241952,세타필 시카 세라 장벽 크림,30,6,6,2,2,3,3,0,0,1,0,1,2,0.2,0.2,0.06666666666666667,0.06666666666666667,0.1,0.1,0.0,0.0,0.03333333333333333,0.0,0.03333333333333333,0.06666666666666667
A000000242515,센텔리안24 마데카 크림 PDRN,79,17,8,3,4,7,7,2,0,2,0,7,6,0.21518987341772153,0.10126582278481013,0.0379746835443038,0.05063291139240506,0.08860759493670886,0.08860759493670886,0.02531645569620253,0.0,0.02531645569620253,0.0,0.08860759493670886,0.0759493670886076
A000000242718,차앤박 더마앤서 배리어 리셋 크림,57,8,5,3,12,3,2,0,1,2,1,1,5,0.14035087719298245,0.08771929824561403,0.05263157894736842,0.21052631578947367,0.05263157894736842,0.03508771929824561,0.0,0.017543859649122806,0.03508771929824561,0.017543859649122806,0.017543859649122806,0.08771929824561403
A000000243333,키엘 울트라 훼이셜 메디크림,35,2,6,3,4,2,2,0,0,1,0,1,4,0.05714285714285714,0.17142857142857143,0.08571428571428572,0.11428571428571428,0.05714285714285714,0.05714285714285714,0.0,0.0,0.02857142857142857,0.0,0.02857142857142857,0.11428571428571428
A000000244683,셀인샷 알란테놀 트러블 크림,53,8,5,1,4,4,5,1,0,0,2,5,3,0.1509433962264151,0.09433962264150944,0.018867924528301886,0.07547169811320754,0.07547169811320754,0.09433962264150944,0.018867924528301886,0.0,0.0,0.03773584905660377,0.09433962264150944,0.05660377358490566
A000000244812,디마프 크림스컴트루 스쿠알란 베리어 리페어 크림,37,10,3,2,4,3,0,0,0,0,0,5,0,0.2702702702702703,0.08108108108108109,0.05405405405405406,0.10810810810810811,0.08108108108108109,0.0,0.0,0.0,0.0,0.0,0.13513513513513514,0.0
A000000244953,라로슈포제 히알루 B5 수분탄력 크림,46,9,4,1,4,2,2,1,1,1,0,1,0,0.1956521739130435,0.08695652173913043,0.021739130434782608,0.08695652173913043,0.043478260869565216,0.043478260869565216,0.021739130434782608,0.021739130434782608,0.021739130434782608,0.0,0.021739130434782608,0.0
A000000244987,메디힐 마데카소사이드 흔적 리페어 더마크림,57,9,7,3,7,7,3,0,0,0,0,7,6,0.15789473684210525,0.12280701754385964,0.05263157894736842,0.12280701754385964,0.12280701754385964,0.05263157894736842,0.0,0.0,0.0,0.0,0.12280701754385964,0.10526315789473684
A000000244994,제로이드 인텐시브 크림,26,6,6,1,1,0,1,0,0,1,0,0,2,0.23076923076923078,0.23076923076923078,0.038461538461538464,0.038461538461538464,0.0,0.038461538461538464,0.0,0.0,0.038461538461538464,0.0,0.0,0.07692307692307693
A000000245087,닥터엘시아 345 릴리프 크림,38,8,3,4,3,6,3,0,0,3,0,2,0,0.21052631578947367,0.07894736842105263,0.10526315789473684,0.07894736842105263,0.15789473684210525,0.07894736842105263,0.0,0.0,0.07894736842105263,0.0,0.05263157894736842,0.0
A000000246297,코페르 큐리페어 멜라크림,48,5,2,6,0,4,12,1,0,4,10,11,2,0.10416666666666667,0.041666666666666664,0.125,0.0,0.08333333333333333,0.25,0.020833333333333332,0.0,0.08333333333333333,0.20833333333333334,0.22916666666666666,0.041666666666666664
A000000246323,프리메이 진정한 수분 크림,48,12,5,2,1,2,1,0,0,1,0,9,2,0.25,0.10416666666666667,0.041666666666666664,0.020833333333333332,0.041666666666666664,0.020833333333333332,0.0,0.0,0.020833333333333332,0.0,0.1875,0.041666666666666664
A000000246591,더마젼시 제로카 81 크림,53,15,2,3,3,7,12,0,0,2,9,4,0,0.2830188679245283,0.03773584905660377,0.05660377358490566,0.05660377358490566,0.1320754716981132,0.22641509433962265,0.0,0.0,0.03773584905660377,0.16981132075471697,0.07547169811320754,0.0
A000000246776,라운드랩 자작나무 수분 크림,38,8,4,1,1,3,1,0,0,0,0,12,0,0.21052631578947367,0.10526315789473684,0.02631578947368421,0.02631578947368421,0.07894736842105263,0.02631578947368421,0.0,0.0,0.0,0.0,0.3157894736842105,0.0
A000000246877,닥터자르트 세라마이딘 울트라 모이스처라이징 크림,63,8,7,2,17,3,3,0,0,2,0,2,4,0.12698412698412698,0.1111111111111111,0.031746031746031744,0.2698412698412698,0.047619047619047616,0.047619047619047616,0.0,0.0,0.031746031746031744,0.0,0.031746031746031744,0.06349206349206349
A000000247202,아벤느 똘레랑스 하이드레이팅 크림,10,2,3,1,0,0,0,0,0,0,0,0,1,0.2,0.3,0.1,0.0,0.0,0.0,0.0,0.0,0.0,0.0,0.0,0.1
A000000247713,브링그린 징크테카 리페어 흔적 크림,49,7,4,4,6,5,2,0,0,2,0,7,3,0.14285714285714285,0.08163265306122448,0.08163265306122448,0.12244897959183673,0.10204081632653061,0.04081632653061224,0.0,0.0,0.04081632653061224,0.0,0.14285714285714285,0.061224489795918366
A000000247726,메이크프렘 인테카 수딩크림,30,10,2,2,1,3,2,0,0,1,0,0,1,0.3333333333333333,0.06666666666666667,0.06666666666666667,0.03333333333333333,0.1,0.06666666666666667,0.0,0.0,0.03333333333333333,0.0,0.0,0.03333333333333333
A000000247776,이즈앤트리 어니언 뉴페어 겔크림 플러스,50,14,4,3,3,4,5,0,0,1,1,3,0,0.28,0.08,0.06,0.06,0.08,0.1,0.0,0.0,0.02,0.02,0.06,0.0
A000000248200,유세린 하이알루론 3X 나이트크림,28,6,6,2,1,1,1,1,0,1,0,1,1,0.21428571428571427,0.21428571428571427,0.07142857142857142,0.03571428571428571,0.03571428571428571,0.03571428571428571,0.03571428571428571,0.0,0.03571428571428571,0.0,0.03571428571428571,0.03571428571428571
A000000248363,지피덤 셀트리온EGF 스킨베리어 인텐시브 크림,65,7,10,4,12,2,6,0,1,0,1,5,6,0.1076923076923077,0.15384615384615385,0.06153846153846154,0.18461538461538463,0.03076923076923077,0.09230769230769231,0.0,0.015384615384615385,0.0,0.015384615384615385,0.07692307692307693,0.09230769230769231
A000000248422,아누아 어성초 77 B3 징크 수딩 크림,31,8,0,0,2,5,5,0,2,0,0,1,0,0.25806451612903225,0.0,0.0,0.06451612903225806,0.16129032258064516,0.16129032258064516,0.0,0.06451612903225806,0.0,0.0,0.03225806451612903,0.0
A000000248501,아누아 어성초 77 B3 징크 수딩 크림,31,8,0,0,2,5,5,0,2,0,0,1,0,0.25806451612903225,0.0,0.0,0.06451612903225806,0.16129032258064516,0.16129032258064516,0.0,0.06451612903225806,0.0,0.0,0.03225806451612903,0.0
A000000248587,톤28 해남404 새벽크림 센텔라 아시아티카 크림,48,6,3,1,1,8,3,6,0,0,1,2,12,0.125,0.0625,0.020833333333333332,0.020833333333333332,0.16666666666666666,0.0625,0.125,0.0,0.0,0.020833333333333332,0.041666666666666664,0.25
A000000248826,메디큐브 PDRN 핑크 콜라겐 캡슐크림,59,16,6,2,3,0,9,0,0,1,4,7,2,0.2711864406779661,0.1016949152542373,0.03389830508474576,0.05084745762711865,0.0,0.15254237288135594,0.0,0.0,0.01694915254237288,0.06779661016949153,0.11864406779661017,0.03389830508474576
A000000249211,리얼베리어 익스트림 크림,47,10,3,1,2,4,3,0,0,1,2,1,10,0.2127659574468085,0.06382978723404255,0.02127659574468085,0.0425531914893617,0.0851063829787234,0.06382978723404255,0.0,0.0,0.02127659574468085,0.0425531914893617,0.02127659574468085,0.2127659574468085
A000000249580,제로이드 핌프로브 레드 컨트롤 크림 pH4,24,4,5,2,1,0,1,0,0,1,0,0,1,0.16666666666666666,0.20833333333333334,0.08333333333333333,0.041666666666666664,0.0,0.041666666666666664,0.0,0.0,0.041666666666666664,0.0,0.0,0.041666666666666664
A000000249659,동국제약 마데카셀 베리어 엠디 크림,16,4,2,1,2,1,1,0,0,1,0,0,0,0.25,0.125,0.0625,0.125,0.0625,0.0625,0.0,0.0,0.0625,0.0,0.0,0.0
A000000249736,동국제약 멜라-셋 기미 토닝 크림,54,7,5,4,5,5,7,0,0,3,0,4,0,0.12962962962962962,0.09259259259259259,0.07407407407407407,0.09259259259259259,0.09259259259259259,0.12962962962962962,0.0,0.0,0.05555555555555555,0.0,0.07407407407407407,0.0
A000000250103,이지듀 EGFx 다운타임 크림,69,9,6,4,8,4,7,0,0,1,1,1,7,0.13043478260869565,0.08695652173913043,0.057971014492753624,0.11594202898550725,0.057971014492753624,0.10144927536231885,0.0,0.0,0.014492753623188406,0.014492753623188406,0.014492753623188406,0.10144927536231885
A000000250106,이지듀 EGFx 다운타임 오인트 겔,58,10,4,3,6,1,6,0,0,3,1,2,0,0.1724137931034483,0.06896551724137931,0.05172413793103448,0.10344827586206896,0.017241379310344827,0.10344827586206896,0.0,0.0,0.05172413793103448,0.017241379310344827,0.034482758620689655,0.0
A000000250188,가히 멀티밤,47,3,2,6,2,1,4,5,0,0,0,13,7,0.06382978723404255,0.0425531914893617,0.1276595744680851,0.0425531914893617,0.02127659574468085,0.0851063829787234,0.10638297872340426,0.0,0.0,0.0,0.2765957446808511,0.14893617021276595
A000000250254,아이소이 모이스춰 닥터 장수진 수분크림,36,11,2,0,4,3,0,1,0,0,0,12,2,0.3055555555555556,0.05555555555555555,0.0,0.1111111111111111,0.08333333333333333,0.0,0.027777777777777776,0.0,0.0,0.0,0.3333333333333333,0.05555555555555555
A000000250472,에스트라 에이시카365 리페어 크림 pH4.5,36,5,1,2,2,5,4,0,1,2,1,0,0,0.1388888888888889,0.027777777777777776,0.05555555555555555,0.05555555555555555,0.1388888888888889,0.1111111111111111,0.0,0.027777777777777776,0.05555555555555555,0.027777777777777776,0.0,0.0
A000000250781,더마픽스 리얼콜라겐 텐션업 앰플크림,47,8,0,0,3,2,2,5,0,0,1,1,1,0.1702127659574468,0.0,0.0,0.06382978723404255,0.0425531914893617,0.0425531914893617,0.10638297872340426,0.0,0.0,0.02127659574468085,0.02127659574468085,0.02127659574468085
A000000251274,아벤느 시칼파트 플러스 S.O.S 크림,19,2,1,3,0,0,0,0,0,0,0,0,2,0.10526315789473684,0.05263157894736842,0.15789473684210525,0.0,0.0,0.0,0.0,0.0,0.0,0.0,0.0,0.10526315789473684
A000000251275,아벤느 이드랑스 리치 하이드레이팅 크림,24,2,5,4,0,0,0,1,0,1,0,0,3,0.08333333333333333,0.20833333333333334,0.16666666666666666,0.0,0.0,0.0,0.041666666666666664,0.0,0.041666666666666664,0.0,0.0,0.125
A000000251445,도미나스 크림 Rx,85,10,8,4,3,4,9,6,1,3,0,8,1,0.11764705882352941,0.09411764705882353,0.047058823529411764,0.03529411764705882,0.047058823529411764,0.10588235294117647,0.07058823529411765,0.011764705882352941,0.03529411764705882,0.0,0.09411764705882353,0.011764705882352941
A000000251453,도미나스 크림 Rx,85,10,8,4,3,4,9,6,1,3,0,8,1,0.11764705882352941,0.09411764705882353,0.047058823529411764,0.03529411764705882,0.047058823529411764,0.10588235294117647,0.07058823529411765,0.011764705882352941,0.03529411764705882,0.0,0.09411764705882353,0.011764705882352941
A000000251494,도미나스 크림 Rx,85,10,8,4,3,4,9,6,1,3,0,8,1,0.11764705882352941,0.09411764705882353,0.047058823529411764,0.03529411764705882,0.047058823529411764,0.10588235294117647,0.07058823529411765,0.011764705882352941,0.03529411764705882,0.0,0.09411764705882353,0.011764705882352941
A000000251651,닥터지 레드 블레미쉬 클리어 수딩크림 EX,44,8,5,2,4,10,2,0,0,0,0,5,0,0.18181818181818182,0.11363636363636363,0.045454545454545456,0.09090909090909091,0.22727272727272727,0.045454545454545456,0.0,0.0,0.0,0.0,0.11363636363636363,0.0
A000000251937,세타필 시카 세라 장벽 크림,30,6,6,2,2,3,3,0,0,1,0,1,2,0.2,0.2,0.06666666666666667,0.06666666666666667,0.1,0.1,0.0,0.0,0.03333333333333333,0.0,0.03333333333333333,0.06666666666666667
A000000253592,셀리맥스 트라넥삼산 잡티 크림,46,8,5,2,8,1,5,0,0,3,1,6,1,0.17391304347826086,0.10869565217391304,0.043478260869565216,0.17391304347826086,0.021739130434782608,0.10869565217391304,0.0,0.0,0.06521739130434782,0.021739130434782608,0.13043478260869565,0.021739130434782608
A000000253621,센텔리안24 마데카 크림 액티브 리뉴 PDRN,79,17,8,3,4,7,7,2,0,2,0,7,6,0.21518987341772153,0.10126582278481013,0.0379746835443038,0.05063291139240506,0.08860759493670886,0.08860759493670886,0.02531645569620253,0.0,0.02531645569620253,0.0,0.08860759493670886,0.0759493670886076
A000000253623,센텔리안24 마데카 크림 타임리버스,108,15,8,6,5,15,8,3,0,2,1,9,19,0.1388888888888889,0.07407407407407407,0.05555555555555555,0.046296296296296294,0.1388888888888889,0.07407407407407407,0.027777777777777776,0.0,0.018518518518518517,0.009259259259259259,0.08333333333333333,0.17592592592592593
A000000254006,쥬베룩 PDLLA 프로텍팅 크림,48,9,3,2,3,1,16,0,1,2,12,0,2,0.1875,0.0625,0.041666666666666664,0.0625,0.020833333333333332,0.3333333333333333,0.0,0.020833333333333332,0.041666666666666664,0.25,0.0,0.041666666666666664
A000000254067,VT 피디알엔 캡슐 크림,58,17,6,4,5,2,12,0,0,2,9,3,2,0.29310344827586204,0.10344827586206896,0.06896551724137931,0.08620689655172414,0.034482758620689655,0.20689655172413793,0.0,0.0,0.034482758620689655,0.15517241379310345,0.05172413793103448,0.034482758620689655
A000000254720,아이오페 비타민C 엑스퍼트 40% 마스크 컨센트레이트,20,0,4,3,0,0,2,0,0,3,1,0,0,0.0,0.2,0.15,0.0,0.0,0.1,0.0,0.0,0.15,0.05,0.0,0.0
A000000254747,에스트라 아토베리어365 하이드로 수딩크림,35,8,3,2,8,1,1,0,0,1,0,0,1,0.22857142857142856,0.08571428571428572,0.05714285714285714,0.22857142857142856,0.02857142857142857,0.02857142857142857,0.0,0.0,0.02857142857142857,0.0,0.0,0.02857142857142857
A000000254760,에스트라 아토베리어365 크림,42,4,6,4,8,1,2,0,0,2,0,0,0,0.09523809523809523,0.14285714285714285,0.09523809523809523,0.19047619047619047,0.023809523809523808,0.047619047619047616,0.0,0.0,0.047619047619047616,0.0,0.0,0.0
A000000255244,라운드랩 자작나무 수분 크림,38,8,4,1,1,3,1,0,0,0,0,12,0,0.21052631578947367,0.10526315789473684,0.02631578947368421,0.02631578947368421,0.07894736842105263,0.02631578947368421,0.0,0.0,0.0,0.0,0.3157894736842105,0.0
A000000255499,쿠피 멜라스마 클리어 트라넥삼산 레몬수 기미크림,63,9,5,2,4,6,7,0,1,1,0,5,2,0.14285714285714285,0.07936507936507936,0.031746031746031744,0.06349206349206349,0.09523809523809523,0.1111111111111111,0.0,0.015873015873015872,0.015873015873015872,0.0,0.07936507936507936,0.031746031746031744
A000000255625,코스알엑스 더 블루 펩타이드 바쿠치올 플럼프 바운스 크림,52,14,4,6,8,2,10,0,0,4,6,0,0,0.2692307692307692,0.07692307692307693,0.11538461538461539,0.15384615384615385,0.038461538461538464,0.19230769230769232,0.0,0.0,0.07692307692307693,0.11538461538461539,0.0,0.0
A000000255677,메디큐브 PDRN 핑크 히알루로닉 수분크림,58,13,4,2,10,2,8,1,0,1,5,6,1,0.22413793103448276,0.06896551724137931,0.034482758620689655,0.1724137931034483,0.034482758620689655,0.13793103448275862,0.017241379310344827,0.0,0.017241379310344827,0.08620689655172414,0.10344827586206896,0.017241379310344827
A000000255721,동아제약 색소침착 프로 크림제,46,8,8,2,5,1,9,0,0,1,0,0,3,0.17391304347826086,0.17391304347826086,0.043478260869565216,0.10869565217391304,0.021739130434782608,0.1956521739130435,0.0,0.0,0.021739130434782608,0.0,0.0,0.06521739130434782
A000000255752,닥터지 레드블레미쉬 클리어 수딩크림 EX,44,8,5,2,4,10,2,0,0,0,0,5,0,0.18181818181818182,0.11363636363636363,0.045454545454545456,0.09090909090909091,0.22727272727272727,0.045454545454545456,0.0,0.0,0.0,0.0,0.11363636363636363,0.0
A000000255827,동국제약 멜라-셋 기미 토닝 크림,54,7,5,4,5,5,7,0,0,3,0,4,0,0.12962962962962962,0.09259259259259259,0.07407407407407407,0.09259259259259259,0.09259259259259259,0.12962962962962962,0.0,0.0,0.05555555555555555,0.0,0.07407407407407407,0.0
A000000255828,센텔리안24 마데카 수분크림 하이드라 카밍,89,25,6,3,12,14,4,2,0,3,1,10,6,0.2808988764044944,0.06741573033707865,0.033707865168539325,0.1348314606741573,0.15730337078651685,0.0449438202247191,0.02247191011235955,0.0,0.033707865168539325,0.011235955056179775,0.11235955056179775,0.06741573033707865
A000000255949,헤브블루 살몬 케어링 센텔라 크림,38,11,2,1,1,4,3,0,0,1,0,4,1,0.2894736842105263,0.05263157894736842,0.02631578947368421,0.02631578947368421,0.10526315789473684,0.07894736842105263,0.0,0.0,0.02631578947368421,0.0,0.10526315789473684,0.02631578947368421
A000000255981,제로이드 핌프로브 레드 컨트롤 크림 pH4,24,4,5,2,1,0,1,0,0,1,0,0,1,0.16666666666666666,0.20833333333333334,0.08333333333333333,0.041666666666666664,0.0,0.041666666666666664,0.0,0.0,0.041666666666666664,0.0,0.0,0.041666666666666664
A000000256048,토리든 다이브인 저분자 히알루론산 수딩 크림,41,12,2,1,2,5,1,0,0,1,0,9,0,0.2926829268292683,0.04878048780487805,0.024390243902439025,0.04878048780487805,0.12195121951219512,0.024390243902439025,0.0,0.0,0.024390243902439025,0.0,0.21951219512195122,0.0
A000000256050,토리든 밸런스풀 시카 진정 크림,44,7,2,0,1,7,2,0,1,0,1,6,0,0.1590909090909091,0.045454545454545456,0.0,0.022727272727272728,0.1590909090909091,0.045454545454545456,0.0,0.022727272727272728,0.0,0.022727272727272728,0.13636363636363635,0.0
A000000256802,웰라쥬 리얼 히알루로닉 수딩 크림,53,14,3,2,3,2,4,0,0,2,0,2,0,0.2641509433962264,0.05660377358490566,0.03773584905660377,0.05660377358490566,0.03773584905660377,0.07547169811320754,0.0,0.0,0.03773584905660377,0.0,0.03773584905660377,0.0
A000000257128,구달 어성초 히알루론 수딩 크림,61,23,3,2,12,5,1,0,0,2,0,5,4,0.3770491803278688,0.04918032786885246,0.03278688524590164,0.19672131147540983,0.08196721311475409,0.01639344262295082,0.0,0.0,0.03278688524590164,0.0,0.08196721311475409,0.06557377049180328
A000000257193,비욘드 엔젤 아쿠아 이온 히알루10% 수분 진정 크림,55,15,4,3,2,7,3,0,0,2,1,2,1,0.2727272727272727,0.07272727272727272,0.05454545454545454,0.03636363636363636,0.12727272727272726,0.05454545454545454,0.0,0.0,0.03636363636363636,0.01818181818181818,0.03636363636363636,0.01818181818181818
A000000257543,닥터지 레드 블레미쉬 클리어 수딩크림 EX,44,8,5,2,4,10,2,0,0,0,0,5,0,0.18181818181818182,0.11363636363636363,0.045454545454545456,0.09090909090909091,0.22727272727272727,0.045454545454545456,0.0,0.0,0.0,0.0,0.11363636363636363,0.0
A000000257713,달바 비타 캡슐 크림 나이아신아마이드 5퍼센트,89,11,6,4,5,5,7,6,0,2,1,22,10,0.12359550561797752,0.06741573033707865,0.0449438202247191,0.056179775280898875,0.056179775280898875,0.07865168539325842,0.06741573033707865,0.0,0.02247191011235955,0.011235955056179775,0.24719101123595505,0.11235955056179775
A000000257827,라로슈포제 시카플라스트 멀티 리페어 크림,40,5,5,3,1,3,3,0,1,0,0,1,0,0.125,0.125,0.075,0.025,0.075,0.075,0.0,0.025,0.0,0.0,0.025,0.0
A000000257828,아비브 히알루로닉 붐 크림 워터,36,14,1,0,5,3,1,0,0,0,0,1,0,0.3888888888888889,0.027777777777777776,0.0,0.1388888888888889,0.08333333333333333,0.027777777777777776,0.0,0.0,0.0,0.0,0.027777777777777776,0.0
A000000257834,퍼셀 80억/mL 글루타치온 TXA 캡슐 크림,54,9,6,3,5,4,6,0,0,3,0,3,1,0.16666666666666666,0.1111111111111111,0.05555555555555555,0.09259259259259259,0.07407407407407407,0.1111111111111111,0.0,0.0,0.05555555555555555,0.0,0.05555555555555555,0.018518518518518517
A000000258055,LBB 퓨어 래디언스 크림,56,6,4,1,7,3,5,2,0,2,0,5,2,0.10714285714285714,0.07142857142857142,0.017857142857142856,0.125,0.05357142857142857,0.08928571428571429,0.03571428571428571,0.0,0.03571428571428571,0.0,0.08928571428571429,0.03571428571428571
A000000258214,믹순 히알레배 포어 워터풀 젤크림,44,10,1,0,2,3,6,0,2,0,0,10,0,0.22727272727272727,0.022727272727272728,0.0,0.045454545454545456,0.06818181818181818,0.13636363636363635,0.0,0.045454545454545456,0.0,0.0,0.22727272727272727,0.0
A000000258294,토리든 다이브인 저분자 히알루론산 수딩 크림,41,12,2,1,2,5,1,0,0,1,0,9,0,0.2926829268292683,0.04878048780487805,0.024390243902439025,0.04878048780487805,0.12195121951219512,0.024390243902439025,0.0,0.0,0.024390243902439025,0.0,0.21951219512195122,0.0
A000000258830,피지오겔 DMT 리제너러티브 크림,40,7,6,3,10,1,3,0,0,1,0,0,3,0.175,0.15,0.075,0.25,0.025,0.075,0.0,0.0,0.025,0.0,0.0,0.075
A000000258831,피지오겔 레드수딩 AI 리페어 크림,19,3,1,1,2,0,1,0,0,0,0,0,3,0.15789473684210525,0.05263157894736842,0.05263157894736842,0.10526315789473684,0.0,0.05263157894736842,0.0,0.0,0.0,0.0,0.0,0.15789473684210525
A000000258834,에스트라 아토베리어365 하이드로 수딩크림,35,8,3,2,8,1,1,0,0,1,0,0,1,0.22857142857142856,0.08571428571428572,0.05714285714285714,0.22857142857142856,0.02857142857142857,0.02857142857142857,0.0,0.0,0.02857142857142857,0.0,0.0,0.02857142857142857
A000000258860,코이 플로우 리프팅 랩핑 크림 포어앤쿨,73,16,2,1,1,4,8,2,0,2,4,21,2,0.2191780821917808,0.0273972602739726,0.0136986301369863,0.0136986301369863,0.0547945205479452,0.1095890410958904,0.0273972602739726,0.0,0.0273972602739726,0.0547945205479452,0.2876712328767123,0.0273972602739726
A000000258935,리쥬란 더마 힐러 포어 타이트닝 크림,35,11,3,1,2,0,3,0,0,1,1,2,0,0.3142857142857143,0.08571428571428572,0.02857142857142857,0.05714285714285714,0.0,0.08571428571428572,0.0,0.0,0.02857142857142857,0.02857142857142857,0.05714285714285714,0.0
A000000259039,이니스프리 레티놀 시카 모공 흔적 크림,63,11,3,3,5,6,6,0,0,3,0,2,2,0.1746031746031746,0.047619047619047616,0.047619047619047616,0.07936507936507936,0.09523809523809523,0.09523809523809523,0.0,0.0,0.047619047619047616,0.0,0.031746031746031744,0.031746031746031744
A000000259298,아비브 히알루로닉 붐 크림 워터,36,14,1,0,5,3,1,0,0,0,0,1,0,0.3888888888888889,0.027777777777777776,0.0,0.1388888888888889,0.08333333333333333,0.027777777777777776,0.0,0.0,0.0,0.0,0.027777777777777776,0.0
A000000259386,포들 밤 레티날 모공 리셋 솔루션 캡슐 크림,38,9,6,3,3,0,6,0,0,1,0,2,3,0.23684210526315788,0.15789473684210525,0.07894736842105263,0.07894736842105263,0.0,0.15789473684210525,0.0,0.0,0.02631578947368421,0.0,0.05263157894736842,0.07894736842105263
A000000259494,파넬 시카마누 레드 리페어 크림,53,7,7,4,3,9,1,0,0,1,0,9,3,0.1320754716981132,0.1320754716981132,0.07547169811320754,0.05660377358490566,0.16981132075471697,0.018867924528301886,0.0,0.0,0.018867924528301886,0.0,0.16981132075471697,0.05660377358490566
A000000260257,제로이드 수딩 크림,22,6,3,1,1,0,1,0,0,1,0,0,1,0.2727272727272727,0.13636363636363635,0.045454545454545456,0.045454545454545456,0.0,0.045454545454545456,0.0,0.0,0.045454545454545456,0.0,0.0,0.045454545454545456
A000000260348,리쥬덱스 더마 리페어링 크림,32,5,6,2,1,6,3,0,0,1,1,2,1,0.15625,0.1875,0.0625,0.03125,0.1875,0.09375,0.0,0.0,0.03125,0.03125,0.0625,0.03125
A000000260462,에스트라 아토베리어365 하이드로 수딩크림,35,8,3,2,8,1,1,0,0,1,0,0,1,0.22857142857142856,0.08571428571428572,0.05714285714285714,0.22857142857142856,0.02857142857142857,0.02857142857142857,0.0,0.0,0.02857142857142857,0.0,0.0,0.02857142857142857
