테마,제품수,product_name_raw,product_name_clean
진정·시카·민감,81,[7/21하루특가][대용량 기획] 제로이드 수딩 크림 80ml 기획 (+50ml),제로이드 수딩 크림
,,[수부지크림/유수분밸런스] 브링그린 티트리 시카 수딩 크림 플러스 100ml (2입/단품),브링그린 티트리 시카 수딩 크림 플러스 ( / )
,,[수분진정/광채캡슐크림] 션리 다시마 글레이즈드 크림 50g,션리 다시마 글레이즈드 크림
,,[7월 올영픽] 에스트라 아토베리어365 하이드로 수딩크림 80ml 기획 (+수딩크림 10ml+클렌징폼 30g),에스트라 아토베리어365 하이드로 수딩크림 ( 수딩크림 클렌징폼 )
,,[7월올영픽] 닥터지 레드블레미쉬 클리어 수딩크림 EX 70ml기획 (+30ml+세럼10ml*2ea),닥터지 레드블레미쉬 클리어 수딩크림 EX 70ml ( 세럼10ml* )
,,[손상장벽집중케어] 라로슈포제 시카플라스트 밤 B5+ 100ml 기획 (+3ml 추가증정),라로슈포제 시카플라스트 밤 B5
,,[수분충전/쿨링진정] 에스네이처 아쿠아 오아시스 수분 젤크림 90ml 기획 (+카밍패드 2매),에스네이처 아쿠아 오아시스 수분 젤크림 ( 카밍패드 )
,,[7월 올영픽] 라로슈포제 시카플라스트 멀티 리페어 크림 100ml (+시카에센스 7.5ml),라로슈포제 시카플라스트 멀티 리페어 크림 ( 시카에센스 )
,,토리든 다이브인 저분자 히알루론산 수딩 크림 100ml 2입 기획,토리든 다이브인 저분자 히알루론산 수딩 크림
,,[수분진정/단독기획] 메이크프렘 인테카 수딩크림 70ml 기획(+크림 31ml),메이크프렘 인테카 수딩크림 ( 크림 )
,,바이오더마 시카비오 포마드 100ml(리페어 리치 밤),바이오더마 시카비오 포마드 (리페어 리치 밤)
,,[7월 올영픽] 에스트라 에이시카365 리페어 크림 pH4.5 60ml (+크림 20ml+마스크 2매),에스트라 에이시카365 리페어 크림 pH4.5 ( 크림 마스크 )
,,[1+1] 한율 트러블 진정 쑥시카 수분 크림 기획 (55ml+55ml),한율 트러블 진정 쑥시카 수분 크림
,,[NEW] 토리든 다이브인 저분자 히알루론산 수딩 크림 100ml 더블 기획 (크림 20ml+세럼 20ml),토리든 다이브인 저분자 히알루론산 수딩 크림 (크림 세럼 )
,,[튜브타입/단독기획] 닥터지 레드 블레미쉬 클리어 수딩크림 EX 70ml 튜브 기획 (+30ml+세럼10ml*2ea),닥터지 레드 블레미쉬 클리어 수딩크림 EX 튜브 ( 세럼10ml* )
,,[손상장벽MD] 동국제약 마데카셀 베리어 엠디 크림 70g,동국제약 마데카셀 베리어 엠디 크림
,,[NEW/리뷰이벤트] 비욘드 엔젤 아쿠아 이온 히알루10% 수분 진정 크림 100ml 1+1 기획,비욘드 엔젤 아쿠아 이온 히알루10% 수분 진정 크림
,,[단독기획] 아누아 어성초 센텔라 레드 스팟 크림 30g 2입,아누아 어성초 센텔라 레드 스팟 크림
,,[1+1] 메디힐 마데카소사이드 흔적 리페어 더마크림 50+50ml 더블 기획,메디힐 마데카소사이드 흔적 리페어 더마크림 50
,,[7월올영픽/손상장벽리페어] 피지오겔 레드수딩 AI 리페어 크림 100m 기획(+30ml+마스크 2매),피지오겔 레드수딩 AI 리페어 크림 100m ( 마스크 )
,,[대용량+추가증정] 넘버즈인 1번 판토텐산 액티브 수딩크림 130ml 기획 (+ 크림 15ml),넘버즈인 1번 판토텐산 액티브 수딩크림 ( 크림 )
,,[1등 크림/진정흔적] 센텔리안24 마데카 크림 타임 리버스 50ml 더블 기획(+15ml*2),센텔리안24 마데카 크림 타임 리버스 ( *2)
,,[1회사용 장벽개선] 더하르나이 시카이드 크림 100ml+30ml 기획,더하르나이 시카이드 크림
,,[한정기획/강력진정크림] 닥터자르트 시카페어 인텐시브 수딩 리페어 크림 50ml 1+1 기획,닥터자르트 시카페어 인텐시브 수딩 리페어 크림
,,에스트라 아토베리어365 하이드로 수딩크림 80ml 기획(토너25ml+클렌징폼30g),에스트라 아토베리어365 하이드로 수딩크림 (토너25ml 클렌징폼30g)
,,[트러블피부 추천] 제로이드 핌프로브 레드 컨트롤 크림 pH4 80ml 기획 (+ 젤클렌저 25ml),제로이드 핌프로브 레드 컨트롤 크림 pH4 ( 젤클렌저 )
,,[시카입문추천] 라로슈포제 시카플라스트 밤B5+ 40ml,라로슈포제 시카플라스트 밤B5
,,[수분진정] 바이오힐보 판테셀 리페어시카 크림 50ml (단품/리필기획),바이오힐보 판테셀 리페어시카 크림
,,[한정기획] 메이크프렘 인테카 수딩크림 70ml 기획 (+크림 31ml*2+NMN 앰플 7ml),메이크프렘 인테카 수딩크림 ( 크림 *2 NMN 앰플 )
,,바이오더마 시카비오 크림+ 40ml(딥 리페어 크림),바이오더마 시카비오 크림 (딥 리페어 크림)
,,[텔레토비 콜라보] 구달 어성초 히알루론 수딩 크림 75ml 리필 기획 (+75ml) (+왕 스티커 3매),구달 어성초 히알루론 수딩 크림 리필 ( 왕 스티커 )
,,[김재원 PICK] 몰바니 아티초크 카밍 케어 수딩 크림 100ml,몰바니 아티초크 카밍 케어 수딩 크림
,,[수딩진정] 넘버즈인 1번 판토텐산 액티브 수딩크림 80ml 1+1 기획,넘버즈인 1번 판토텐산 액티브 수딩크림
,,피지오겔 레드수딩 시카밸런스 크림 80ml 대용량,피지오겔 레드수딩 시카밸런스 크림 대용량
,,[트러블 피부 추천/약산성 장벽 케어] 제로이드 핌프로브 레드 컨트롤 크림 pH4 80ml,제로이드 핌프로브 레드 컨트롤 크림 pH4
,,제로이드 수딩 크림 80ml,제로이드 수딩 크림
,,[7월올영픽/1등진정] 파넬 시카마누 레드 리페어 크림 50ml 더블기획 (+세럼 15ml),파넬 시카마누 레드 리페어 크림 ( 세럼 )
,,[UPGRADE] 이니스프리 레티놀 시카 모공 흔적 크림 50ml 기획(+30ml),이니스프리 레티놀 시카 모공 흔적 크림
,,[20ml 증정/붉은기완화] 세타필 시카 세라 장벽 크림 45ml,세타필 시카 세라 장벽 크림
,,아누아 어성초 센텔라 레드 스팟 크림 30g,아누아 어성초 센텔라 레드 스팟 크림
,,[트러블진정] 디오디너리 설퍼 10% 파우더-투-크림 컨센트레이트 5g,디오디너리 설퍼 10% 파우더-투-크림 컨센트레이트
,,[광채크림/레티날0.1%] 닥터디퍼런트 비타리프트 에이 포르테 20g 기획(+레티날5g+시카크림1.5g*2),닥터디퍼런트 비타리프트 에이 포르테 ( 레티날5g 시카크림1. *2)
,,[7월올영픽/긴급손상진정] 키엘 울트라 훼이셜 메디크림 28ml/50ml (기획/단품),키엘 울트라 훼이셜 메디크림 /
,,에센허브 티트리 수딩 인 카밍 크림 80ml 기획(+크림 30ml),에센허브 티트리 수딩 인 카밍 크림 ( 크림 )
,,[박희선Pick] 아누아 어성초 77 B3 징크 수딩 크림 80ml 더블 기획 (+튜브 80g),아누아 어성초 77 B3 징크 수딩 크림 ( 튜브 )
,,[트러블로션] 에스트라 테라크네365 수딩 액티브 모이스처라이저 60ml,에스트라 테라크네365 수딩 액티브 모이스처라이저
,,에스트라 아토베리어365 하이드로 수딩크림 80ml,에스트라 아토베리어365 하이드로 수딩크림
,,[흔적말끔] 라운드랩 소나무 진정 시카 크림 플러스 60ml 기획 (+토너 20ml),라운드랩 소나무 진정 시카 크림 플러스 ( 토너 )
,,[1등 손상장벽] 센텔리안24 마데카 크림 PDRN 기획세트 50ml+15ml,센텔리안24 마데카 크림 PDRN
,,[티벳동생 공동개발] 오아조 더마 테카 카밍 크림 50ml,오아조 더마 테카 카밍 크림
,,[흔적케어]브링그린 징크테카 리페어 흔적 크림 80ml (콜라보/기획),브링그린 징크테카 리페어 흔적 크림
,,[흔적수분크림] 듀이트리 AC 딥 흔적 진정 크림 60ml,듀이트리 AC 딥 흔적 진정 크림
,,[카니PICK/속수분크림] 웰라쥬 리얼 히알루로닉 수딩 크림 80ml 기획(+20ml),웰라쥬 리얼 히알루로닉 수딩 크림
,,바이오더마 시카비오 크림+ 100ml 기획 (크림 + 40ml 본품 추가 증정),바이오더마 시카비오 크림
,,[시카크림] 톤28 해남404 새벽크림 센텔라 아시아티카 크림 50g,톤28 해남404 새벽크림 센텔라 아시아티카 크림
,,[단독/증정기획] 헤브블루 살몬 케어링 센텔라 크림 100ml 기획 (+버블 클렌저 30ml),헤브블루 살몬 케어링 센텔라 크림 ( 버블 클렌저 )
,,[3세대 리뉴얼] 닥터지 레드 블레미쉬 클리어 수딩크림 EX 70ml,닥터지 레드 블레미쉬 클리어 수딩크림 EX
,,[단독기획] 토리든 밸런스풀 시카 진정 크림 80ml 기획(+세럼10ml+패드10매),토리든 밸런스풀 시카 진정 크림 ( 세럼10ml 패드10매)
,,[민감진정] 라운드랩 포 맨 소나무 진정 시카 크림 75ml,라운드랩 포 맨 소나무 진정 시카 크림
,,[박희선Pick] 아누아 어성초 77 B3 징크 수딩 크림 80ml,아누아 어성초 77 B3 징크 수딩 크림
,,[속건조/진정보습] 닥터지 레드 블레미쉬 클리어 모이스처 크림 70ml 기획 (+30ml 증정),닥터지 레드 블레미쉬 클리어 모이스처 크림
,,[끈적임 없는 레드시카] SVR 시카비트+ 크림 HPPI 100ml/40ml [기획(+ 2ml*5ea)/단품],SVR 시카비트 크림 HPPI /
,,[쿨링진정] 아비브 어성초 크림 카밍 튜브 75ml,아비브 어성초 크림 카밍 튜브
,,[1등 진정/흔적] 센텔리안24 마데카 크림 타임리버스 50ml 더블기획 (+15ml 2ea+푸린 피크닉매트 포켓몬),센텔리안24 마데카 크림 타임리버스 ( 푸린 피크닉매트 포켓몬)
,,어바웃미 숲 진정 수분 크림 80ml (100시간 수분지속 진정크림),어바웃미 숲 진정 수분 크림 (100시간 수분지속 진정크림)
,,[진정크림/총100ml] 웰라쥬 리얼 시카카밍 95 크림 80ml 기획 (+20ml),웰라쥬 리얼 시카카밍 95 크림
,,[1등 장벽PDRN/푸린백팩] 센텔리안24 마데카 크림 액티브 리뉴 PDRN 50ml 기획 (+15ml 포켓몬 에디션),센텔리안24 마데카 크림 액티브 리뉴 PDRN ( 포켓몬 에디션)
,,피지오겔 시카밸런스 포맨 카밍 크림 70ml,피지오겔 시카밸런스 포맨 카밍 크림
,,[수분충전/세라마이드] 로벡틴 아쿠아 히알루로닉 수딩 크림 60ml,로벡틴 아쿠아 히알루로닉 수딩 크림
,,[트러블진정템] 더마젼시 제로카 81 크림 60ml,더마젼시 제로카 81 크림
,,[수분진정] 메이크프렘 인테카 수딩크림 50ml 기획(+크림 31ml),메이크프렘 인테카 수딩크림 ( 크림 )
,,[단독기획] 토리든 밸런스풀 시카 진정 크림 80ml 기획 (+세럼 10ml),토리든 밸런스풀 시카 진정 크림 ( 세럼 )
,,넘버즈인 5번 글루타치온씨 흔적 토닝 레이저 크림 50ml,넘버즈인 5번 글루타치온씨 흔적 토닝 레이저 크림
,,[수분진정] 비플레인 시카테롤 크림 60ml,비플레인 시카테롤 크림
,,[붉은기완화] 세타필 시카 세라 장벽 크림 45ml,세타필 시카 세라 장벽 크림
,,[쿨링/진정] 센텔리안24 마데카 수분크림 하이드라 카밍 기획(50ml+15ml),센텔리안24 마데카 수분크림 하이드라 카밍
,,[트러블부위 진정케어] 피캄 센텔라 트러블 스팟 15ml,피캄 센텔라 트러블 스팟
,,[100시간 보습 대용량]프리메이 진정한 수분 크림 100ml (+30ml+30ml),프리메이 진정한 수분 크림
,,[장벽UP] 더랩바이블랑두 저분자 히알루론산 카밍+ 크림 80ml 대용량 기획(+20ml),더랩바이블랑두 저분자 히알루론산 카밍 크림 대용량
,,[민감피부진정/쿨링수분크림] 셀퓨전씨 포스트 알파 시카 카밍 다운 크림 50ml 기획 (+50ml 리필),셀퓨전씨 포스트 알파 시카 카밍 다운 크림 ( 리필)
,,[손상탄력크림] 유리아쥬 시카 데일리 리페어 콘센트레 탄력 크림 50ml,유리아쥬 시카 데일리 리페어 콘센트레 탄력 크림
보습·장벽·리페어,61,[2025어워즈1위] 에스트라 아토베리어365 크림 80ml 기획 (+하이드로 에센스25ml+앰플7ml),에스트라 아토베리어365 크림 ( 하이드로 에센스25ml 앰플7ml)
,,[7월 올영픽] 에스트라 아토베리어365 하이드로 수딩크림 80ml 기획 (+수딩크림 10ml+클렌징폼 30g),에스트라 아토베리어365 하이드로 수딩크림 ( 수딩크림 클렌징폼 )
,,[7월 올영픽] 라로슈포제 시카플라스트 멀티 리페어 크림 100ml (+시카에센스 7.5ml),라로슈포제 시카플라스트 멀티 리페어 크림 ( 시카에센스 )
,,피지오겔 DMT 페이셜 보습 장벽 크림 150ml 기획(+토너 50ml),피지오겔 DMT 페이셜 보습 장벽 크림 ( 토너 )
,,[광채/기미] 코페르 큐리페어 멜라크림 21ml 기획(+4ml),코페르 큐리페어 멜라크림
,,바이오더마 시카비오 포마드 100ml(리페어 리치 밤),바이오더마 시카비오 포마드 (리페어 리치 밤)
,,[7월 올영픽] 에스트라 에이시카365 리페어 크림 pH4.5 60ml (+크림 20ml+마스크 2매),에스트라 에이시카365 리페어 크림 pH4.5 ( 크림 마스크 )
,,[색소침착 진정크림] 덱스판테놀17만ppm 장벽크림,덱스판테놀17만ppm 장벽크림
,,[손상장벽MD] 동국제약 마데카셀 베리어 엠디 크림 70g,동국제약 마데카셀 베리어 엠디 크림
,,[올영 어워즈 1등 크림] 에스트라 아토베리어365 크림 80ml,에스트라 아토베리어365 크림
,,[1+1] 메디힐 마데카소사이드 흔적 리페어 더마크림 50+50ml 더블 기획,메디힐 마데카소사이드 흔적 리페어 더마크림 50
,,[7월올영픽/손상장벽리페어] 피지오겔 레드수딩 AI 리페어 크림 100m 기획(+30ml+마스크 2매),피지오겔 레드수딩 AI 리페어 크림 100m ( 마스크 )
,,[대용량+추가증정] 넘버즈인 1번 판토텐산 액티브 수딩크림 130ml 기획 (+ 크림 15ml),넘버즈인 1번 판토텐산 액티브 수딩크림 ( 크림 )
,,[한정기획/강력진정크림] 닥터자르트 시카페어 인텐시브 수딩 리페어 크림 50ml 1+1 기획,닥터자르트 시카페어 인텐시브 수딩 리페어 크림
,,에스트라 아토베리어365 하이드로 수딩크림 80ml 기획(토너25ml+클렌징폼30g),에스트라 아토베리어365 하이드로 수딩크림 (토너25ml 클렌징폼30g)
,,[조슈아PICK/1+1] 리얼베리어 익스트림 크림 70ml 1+1 기획,리얼베리어 익스트림 크림
,,[수분진정] 바이오힐보 판테셀 리페어시카 크림 50ml (단품/리필기획),바이오힐보 판테셀 리페어시카 크림
,,[화잘먹/100시간수분] 아이소이 모이스춰 닥터 장수진 수분크림 50ml 1+1 기획 (+20ml),아이소이 모이스춰 닥터 장수진 수분크림
,,[조슈아PICK/화잘먹] 리얼베리어 익스트림 크림 라이트 70ml 기획 (+30ml),리얼베리어 익스트림 크림 라이트
,,바이오더마 시카비오 크림+ 40ml(딥 리페어 크림),바이오더마 시카비오 크림 (딥 리페어 크림)
,,[4배속_응급진정/장벽강화]리쥬덱스 더마 리페어링 크림 20g(단품/기획),리쥬덱스 더마 리페어링 크림
,,[촉촉광채/올인원멀티케어] 가히 멀티밤 9g,가히 멀티밤
,,[수딩진정] 넘버즈인 1번 판토텐산 액티브 수딩크림 80ml 1+1 기획,넘버즈인 1번 판토텐산 액티브 수딩크림
,,[7월올영픽/1등진정] 파넬 시카마누 레드 리페어 크림 50ml 더블기획 (+세럼 15ml),파넬 시카마누 레드 리페어 크림 ( 세럼 )
,,셀라딕스 트러블 세라 캡슐 131 크림 95ml,셀라딕스 트러블 세라 캡슐 131 크림
,,[20ml 증정/붉은기완화] 세타필 시카 세라 장벽 크림 45ml,세타필 시카 세라 장벽 크림
,,바이오더마 아토덤 인텐시브 밤 500ml,바이오더마 아토덤 인텐시브 밤
,,[산뜻/지성크림] 닥터디퍼런트 113 세콜지 모이스처라이저 100ml,닥터디퍼런트 113 세콜지 모이스처라이저
,,[트러블로션] 에스트라 테라크네365 수딩 액티브 모이스처라이저 60ml,에스트라 테라크네365 수딩 액티브 모이스처라이저
,,에스트라 아토베리어365 하이드로 수딩크림 80ml,에스트라 아토베리어365 하이드로 수딩크림
,,[장벽크림] 유세린 울트라 센서티브 리페어 크림 50ml,유세린 울트라 센서티브 리페어 크림
,,[올영 단독] 에뛰드 순정 수분 베리어 크림 75ml 트리오 기획 (75ml X 3EA),에뛰드 순정 수분 베리어 크림 트리오 ( X )
,,[흔적케어]브링그린 징크테카 리페어 흔적 크림 80ml (콜라보/기획),브링그린 징크테카 리페어 흔적 크림
,,[손상/장벽 리페어] 아벤느 시칼파트 플러스 S.O.S 크림 100ml 2입 기획(딥모100ml+헤어핀),아벤느 시칼파트 플러스 S.O.S 크림 (딥모100ml 헤어핀)
,,[장벽보습크림] 닥터지 더모이스처 배리어 D 인텐스 크림 100ml 기획 3종,닥터지 더모이스처 배리어 D 인텐스 크림 3종
,,[보습장벽크림] 코스알엑스 더 세라마이드 스킨 베리어 모이스처라이저 80ml,코스알엑스 더 세라마이드 스킨 베리어 모이스처라이저
,,[채서안PICK/보습탄력] 아비브 부활초 크림 뉴트리션 튜브 75ml 기획 (+30ml 추가 증정),아비브 부활초 크림 뉴트리션 튜브
,,[보습광채] 코스알엑스 어드벤스드 스네일 92 올인원 크림 100g,코스알엑스 어드벤스드 스네일 92 올인원 크림
,,[장벽+보습] 차앤박 더마앤서 배리어 리셋 크림 80ml 기획 (+31ml),차앤박 더마앤서 배리어 리셋 크림
,,[속건조/진정보습] 닥터지 레드 블레미쉬 클리어 모이스처 크림 70ml 기획 (+30ml 증정),닥터지 레드 블레미쉬 클리어 모이스처 크림
,,[보습장벽크림] 유세린 우레아 리페어 크림 50ml,유세린 우레아 리페어 크림
,,[퀸승용 PICK] 지피덤 셀트리온EGF 스킨베리어 인텐시브 크림 80ml 기획 (+크림15ml+앰플1ml*3ea),지피덤 셀트리온EGF 스킨베리어 인텐시브 크림 ( 크림15ml 앰플1ml* )
,,[100시간10층보습]비욘드 엔젤아쿠아 보습장벽크림 더블기획(150mlX2입)(비건),비욘드 엔젤아쿠아 보습장벽크림 (150mlX2입)(비건)
,,[단독기획/화잘먹 대란템] 샤이샤이샤이 리포좀 리페어 밀키 크림 50ml 기획 (+15ml),샤이샤이샤이 리포좀 리페어 밀키 크림
,,[올영단독/장벽회복] 스킨앤랩 베리어덤 인텐시브 크림 2세대 50ml 1+1 기획,스킨앤랩 베리어덤 인텐시브 크림 2세대
,,[붉은기완화] 세타필 시카 세라 장벽 크림 45ml,세타필 시카 세라 장벽 크림
,,제로이드 더마뉴얼 리페어 크림 15ml,제로이드 더마뉴얼 리페어 크림
,,[온라인단독/대용량] 에스트라 아토베리어365 크림 80mlX3 한정기획,에스트라 아토베리어365 크림 80mlX3
,,[리뉴얼/10겹장벽크림] 닥터자르트 세라마이딘 울트라 모이스처라이징 크림 50ml 1+1 기획,닥터자르트 세라마이딘 울트라 모이스처라이징 크림
,,[손상/장벽 리페어] 아벤느 시칼파트 플러스 SOS 리페어 크림 100ml 기획 (+40ml),아벤느 시칼파트 플러스 SOS 리페어 크림
,,[간편하게 쓱] 달바 더블 세럼 올인원 멀티밤 10g,달바 세럼 올인원 멀티밤
,,[보습탄력] 아비브 부활초 크림 뉴트리션 튜브 75ml 더블 기획,아비브 부활초 크림 뉴트리션 튜브
,,로우퀘스트 베리어 리커버리 크림 80ml,로우퀘스트 베리어 리커버리 크림
,,라로슈포제 에빠끌라 MAT 세보 컨트롤링 모이스춰라이저,라로슈포제 에빠끌라 MAT 세보 컨트롤링 모이스춰라이저
,,[장벽크림] 디마프 크림스컴트루 스쿠알란 베리어 리페어 크림 50ml,디마프 크림스컴트루 스쿠알란 베리어 리페어 크림
,,[보습장벽] 라운드랩 약콩 판테놀 크림 80ml 1+1 기획,라운드랩 약콩 판테놀 크림
,,[손상탄력크림] 유리아쥬 시카 데일리 리페어 콘센트레 탄력 크림 50ml,유리아쥬 시카 데일리 리페어 콘센트레 탄력 크림
,,[100시간 속보습] 라네즈 워터뱅크 모이스춰 크림 45ml 기획 (+25ml),라네즈 워터뱅크 모이스춰 크림
,,[NEW/세라마이드3배] 닥터디퍼런트 세콜지 311 보습 장벽 크림 100g,닥터디퍼런트 세콜지 311 보습 장벽 크림
,,토리든 솔리드인 세라마이드 크림 70ml,토리든 솔리드인 세라마이드 크림
,,[레이PICK/보습광채] 풀리 쌀 세라 캡슐 크림 90ml,풀리 쌀 세라 캡슐 크림
수분·수부지·아쿠아,50,[1+1/1등 모공 수분천재크림] 에스네이처 아쿠아 스쿠알란 수분크림 60ml 더블기획,에스네이처 아쿠아 스쿠알란 수분크림
,,[수분진정/광채캡슐크림] 션리 다시마 글레이즈드 크림 50g,션리 다시마 글레이즈드 크림
,,[2025어워즈1위] 에스트라 아토베리어365 크림 80ml 기획 (+하이드로 에센스25ml+앰플7ml),에스트라 아토베리어365 크림 ( 하이드로 에센스25ml 앰플7ml)
,,[7월 올영픽] 에스트라 아토베리어365 하이드로 수딩크림 80ml 기획 (+수딩크림 10ml+클렌징폼 30g),에스트라 아토베리어365 하이드로 수딩크림 ( 수딩크림 클렌징폼 )
,,[위클리초특가/-8.1도 즉각쿨링/슬러시젤크림] 믹순 히알레배 포어 워터풀 젤크림 60ML,믹순 히알레배 포어 워터풀 젤크림
,,[총200ml/대용량] 라운드랩 자작나무 수분 크림 80ml+80ml 더블 기획 (+40ml),라운드랩 자작나무 수분 크림
,,[수분충전/쿨링진정] 에스네이처 아쿠아 오아시스 수분 젤크림 90ml 기획 (+카밍패드 2매),에스네이처 아쿠아 오아시스 수분 젤크림 ( 카밍패드 )
,,[수지 PICK/단독기획] 아누아 피디알엔 히알루론산 100 수분 크림 60mL 2입 기획,아누아 피디알엔 히알루론산 100 수분 크림
,,[7월올영픽/쿨링진정크림] 빌리프 아쿠아밤 프로즌 크림 50ml 1+1 기획 (+손거울 증정),빌리프 아쿠아밤 프로즌 크림
,,토리든 다이브인 저분자 히알루론산 수딩 크림 100ml 2입 기획,토리든 다이브인 저분자 히알루론산 수딩 크림
,,[1+1] 한율 트러블 진정 쑥시카 수분 크림 기획 (55ml+55ml),한율 트러블 진정 쑥시카 수분 크림
,,[NEW] 토리든 다이브인 저분자 히알루론산 수딩 크림 100ml 더블 기획 (크림 20ml+세럼 20ml),토리든 다이브인 저분자 히알루론산 수딩 크림 (크림 세럼 )
,,[NEW/리뷰이벤트] 비욘드 엔젤 아쿠아 이온 히알루10% 수분 진정 크림 100ml 1+1 기획,비욘드 엔젤 아쿠아 이온 히알루10% 수분 진정 크림
,,[우즈PICK][유분잡는수분] 한율 쑥히알 수분 크림 60ml 기획(+31ml),한율 쑥히알 수분 크림
,,[수분진정/화잘먹] 메디큐브 PDRN 핑크 히알루로닉 수분크림 100ml 더블기획,메디큐브 PDRN 핑크 히알루로닉 수분크림
,,에스트라 아토베리어365 하이드로 수딩크림 80ml 기획(토너25ml+클렌징폼30g),에스트라 아토베리어365 하이드로 수딩크림 (토너25ml 클렌징폼30g)
,,[수지 PICK / 수분광채크림] 아누아 피디알엔 히알루론산 100 수분 크림 60mL 기획 (+30mL),아누아 피디알엔 히알루론산 100 수분 크림
,,[1+1] 프리메라 알파인 베리 워터리 크림 리필기획/단품,프리메라 알파인 베리 워터리 크림 리필 /
,,[화잘먹크림] 웰라쥬 리얼 히알루로닉 100 크림 50ml 더블 기획,웰라쥬 리얼 히알루로닉 100 크림
,,[7월 올영픽/온라인추가증정] 라로슈포제 히알루 B5 수분탄력 크림 50ml 기획 (+3ml+히알루세럼10ml),라로슈포제 히알루 B5 수분탄력 크림 ( 히알루세럼10ml)
,,아비브 히알루로닉 붐 크림 워터튜브 75ml 더블 기획,아비브 히알루로닉 붐 크림 워터튜브
,,[화잘먹/100시간수분] 아이소이 모이스춰 닥터 장수진 수분크림 50ml 1+1 기획 (+20ml),아이소이 모이스춰 닥터 장수진 수분크림
,,[텔레토비 콜라보] 구달 어성초 히알루론 수딩 크림 75ml 리필 기획 (+75ml) (+왕 스티커 3매),구달 어성초 히알루론 수딩 크림 리필 ( 왕 스티커 )
,,[대용량] 라운드랩 자작나무 수분 크림 120ml 대용량 기획(+패드 4매),라운드랩 자작나무 수분 크림 대용량 ( 패드 )
,,[1+1/화잘먹] 이니스프리 그린티 수분크림 50ml 더블기획,이니스프리 그린티 수분크림
,,[속건조수분크림] 메디큐브 PDRN 핑크 히알루로닉 수분크림 50ml 더블기획 (+앰플10ml),메디큐브 PDRN 핑크 히알루로닉 수분크림 ( 앰플10ml)
,,에스트라 아토베리어365 하이드로 수딩크림 80ml,에스트라 아토베리어365 하이드로 수딩크림
,,[올영 단독] 에뛰드 순정 수분 베리어 크림 75ml 트리오 기획 (75ml X 3EA),에뛰드 순정 수분 베리어 크림 트리오 ( X )
,,[카니PICK/속수분크림] 웰라쥬 리얼 히알루로닉 수딩 크림 80ml 기획(+20ml),웰라쥬 리얼 히알루로닉 수딩 크림
,,[수분/진정] 아벤느 클리낭스 아쿠아크림-인-젤 수분 크림50ml 2입기획,아벤느 클리낭스 아쿠아크림-인-젤 수분 크림50ml 2입
,,[2700만개 판매] 유세린 하이알루론 3X 나이트크림 50ml 기획 (+나이트크림7ml*2),유세린 하이알루론 3X 나이트크림 ( 나이트크림7ml*2)
,,[민감/진정크림]아벤느 똘레랑스 하이드레이팅 플루이드 40ml,아벤느 똘레랑스 하이드레이팅 플루이드
,,[민감/진정크림]아벤느 똘레랑스 하이드레이팅 크림 40ml,아벤느 똘레랑스 하이드레이팅 크림
,,어바웃미 숲 진정 수분 크림 80ml (100시간 수분지속 진정크림),어바웃미 숲 진정 수분 크림 (100시간 수분지속 진정크림)
,,[더블기획/수부지맞춤] 라운드랩 자작나무 수분 크림 80ml 더블 기획 (+말랑 파우치) (눈멍이 콜라보),라운드랩 자작나무 수분 크림 ( 말랑 파우치) (눈멍이 콜라보)
,,[1등 모공 수분천재크림] 에스네이처 아쿠아 스쿠알란 수분크림 60ml 기획(60ml+30ml),에스네이처 아쿠아 스쿠알란 수분크림
,,브링그린 대나무 히알루 수분 부스팅 크림 100ml (2입기획/단품),브링그린 대나무 히알루 수분 부스팅 크림
,,[수분충전/세라마이드] 로벡틴 아쿠아 히알루로닉 수딩 크림 60ml,로벡틴 아쿠아 히알루로닉 수딩 크림
,,아비브 히알루로닉 붐 크림 워터튜브 75ml,아비브 히알루로닉 붐 크림 워터튜브
,,[100시간10층보습]비욘드 엔젤아쿠아 보습장벽크림 더블기획(150mlX2입)(비건),비욘드 엔젤아쿠아 보습장벽크림 (150mlX2입)(비건)
,,[수분진정] 라운드랩 포 맨 자작나무 수분 크림 75ml,라운드랩 포 맨 자작나무 수분 크림
,,[쿨링/진정] 센텔리안24 마데카 수분크림 하이드라 카밍 기획(50ml+15ml),센텔리안24 마데카 수분크림 하이드라 카밍
,,[쫀득물착크림] 스킨푸드 블루 캐모마일 히알루로닉 수분크림 기획(70ml+30ml),스킨푸드 블루 캐모마일 히알루로닉 수분크림
,,이즈앤트리 히아루론산 아쿠아 젤 크림 100ml,이즈앤트리 히아루론산 아쿠아 젤 크림
,,[100시간 보습 대용량]프리메이 진정한 수분 크림 100ml (+30ml+30ml),프리메이 진정한 수분 크림
,,[화잘먹 엑소좀수분크림] 리브엠 워터핏 8중 수분착붙 크림 100ml,리브엠 워터핏 8중 수분착붙 크림
,,헤라 하이드로 리플렉팅 마이크로 크림 50ml,헤라 하이드로 리플렉팅 마이크로 크림
,,[장벽UP] 더랩바이블랑두 저분자 히알루론산 카밍+ 크림 80ml 대용량 기획(+20ml),더랩바이블랑두 저분자 히알루론산 카밍 크림 대용량
,,[100시간 속보습] 라네즈 워터뱅크 모이스춰 크림 45ml 기획 (+25ml),라네즈 워터뱅크 모이스춰 크림
,,[밀도보습] 아벤느 이드랑스 리치 하이드레이팅 크림 40ml 3입 기획,아벤느 이드랑스 리치 하이드레이팅 크림
탄력·주름·안티에이징,45,[수지 PICK/단독기획] 아누아 피디알엔 히알루론산 100 수분 크림 60mL 2입 기획,아누아 피디알엔 히알루론산 100 수분 크림
,,[여배우광채크림] 메디큐브 PDRN 핑크 콜라겐 캡슐크림 55g 기획 (+4.5g*2ea),메디큐브 PDRN 핑크 콜라겐 캡슐크림 ( * )
,,[1+1/광채탄력] 닥터지 블랙스네일 크림 50ml 1+1 기획 +(15ml 추가 증정),닥터지 블랙스네일 크림
,,코스알엑스 더 레티놀 0.1 크림 20ml,코스알엑스 더 레티놀 0.1 크림
,,[카디비PICK|탄력보습] 바이오힐보 프로바이오덤 3D리프팅 크림 50ml [단품/기획],바이오힐보 프로바이오덤 3D리프팅 크림
,,[포켓몬 에디션] VT 피디알엔 캡슐 크림 100 50ml 더블 기획 (+피카츄 파우치 키링),VT 피디알엔 캡슐 크림 100 ( 피카츄 파우치 키링)
,,[수분진정/화잘먹] 메디큐브 PDRN 핑크 히알루로닉 수분크림 100ml 더블기획,메디큐브 PDRN 핑크 히알루로닉 수분크림
,,[수지 PICK / 수분광채크림] 아누아 피디알엔 히알루론산 100 수분 크림 60mL 기획 (+30mL),아누아 피디알엔 히알루론산 100 수분 크림
,,[7월 올영픽/온라인추가증정] 라로슈포제 히알루 B5 수분탄력 크림 50ml 기획 (+3ml+히알루세럼10ml),라로슈포제 히알루 B5 수분탄력 크림 ( 히알루세럼10ml)
,,[4배속_응급진정/장벽강화]리쥬덱스 더마 리페어링 크림 20g(단품/기획),리쥬덱스 더마 리페어링 크림
,,[고현정 PICK]코이 플로우 리프팅 랩핑 크림 포어앤쿨 50g 기획 (+ 미니 20g),코이 플로우 리프팅 랩핑 크림 포어앤쿨 ( 미니 )
,,[모공고민|화잘먹] 바이오힐보 프로바이오덤 콜라겐 리모델링 크림 [단품/증정기획],바이오힐보 프로바이오덤 콜라겐 리모델링 크림
,,[속건조수분크림] 메디큐브 PDRN 핑크 히알루로닉 수분크림 50ml 더블기획 (+앰플10ml),메디큐브 PDRN 핑크 히알루로닉 수분크림 ( 앰플10ml)
,,리쥬란 더마 힐러 포어 타이트닝 크림 50ml(+포어 앰플 10ml 증정)/50ml 단품,리쥬란 더마 힐러 포어 타이트닝 크림 /
,,[UPGRADE] 이니스프리 레티놀 시카 모공 흔적 크림 50ml 기획(+30ml),이니스프리 레티놀 시카 모공 흔적 크림
,,[최다증정|기프트] 바이오힐보 프로바이오덤 3D리프팅 스킨케어 3종세트(토너+에멀전+크림),바이오힐보 프로바이오덤 3D리프팅 스킨케어 3종세트(토너 에멀전 크림)
,,[광채크림/레티날0.1%] 닥터디퍼런트 비타리프트 에이 포르테 20g 기획(+레티날5g+시카크림1.5g*2),닥터디퍼런트 비타리프트 에이 포르테 ( 레티날5g 시카크림1. *2)
,,[탄력수분크림] 바이오던스 포어 퍼펙팅 콜라겐 펩타이드 크림 50ml 기획 (+10ml),바이오던스 포어 퍼펙팅 콜라겐 펩타이드 크림
,,[웬디PICK] 포들 밤 레티날 모공 리셋 솔루션 캡슐 크림 55g,포들 밤 레티날 모공 리셋 솔루션 캡슐 크림
,,[1등 손상장벽] 센텔리안24 마데카 크림 PDRN 기획세트 50ml+15ml,센텔리안24 마데카 크림 PDRN
,,[227만개판매] CKD 레티노콜라겐 저분자 300 괄사 목주름 크림 50ml 1+1 기획,CKD 레티노콜라겐 저분자 300 괄사 목주름 크림
,,[채서안PICK/보습탄력] 아비브 부활초 크림 뉴트리션 튜브 75ml 기획 (+30ml 추가 증정),아비브 부활초 크림 뉴트리션 튜브
,,이지듀 EGFx 다운타임 크림 60ml 기획(+오인트 겔 5ml),이지듀 EGFx 다운타임 크림 ( 오인트 겔 )
,,[단독기획] 토리든 셀메이징 저분자 콜라겐 탄력 크림 60ml 기획 (+20ml),토리든 셀메이징 저분자 콜라겐 탄력 크림
,,아이오페 비타민C 엑스퍼트 40% 마스크 컨센트레이트 15g 기획 (+ PDRN 10ml),아이오페 비타민C 엑스퍼트 40% 마스크 컨센트레이트 ( PDRN )
,,[기미잡티 크림]LBB 골드렐라 펩타이드 28 안티 멜라닌 마스크 크림 100ml,LBB 골드렐라 펩타이드 28 안티 멜라닌 마스크 크림
,,[1등 진정/흔적] 센텔리안24 마데카 크림 타임리버스 50ml 더블기획 (+15ml 2ea+푸린 피크닉매트 포켓몬),센텔리안24 마데카 크림 타임리버스 ( 푸린 피크닉매트 포켓몬)
,,[수분탄력크림] 퍼셀 픽셀바이옴 히알 콜라겐 유산균 크림 50ml,퍼셀 픽셀바이옴 히알 콜라겐 유산균 크림
,,[1등 장벽PDRN/푸린백팩] 센텔리안24 마데카 크림 액티브 리뉴 PDRN 50ml 기획 (+15ml 포켓몬 에디션),센텔리안24 마데카 크림 액티브 리뉴 PDRN ( 포켓몬 에디션)
,,코스알엑스 더 블루 펩타이드 바쿠치올 플럼프 바운스 크림 50g,코스알엑스 더 블루 펩타이드 바쿠치올 플럼프 바운스 크림
,,[퀸승용 PICK] 지피덤 셀트리온EGF 스킨베리어 인텐시브 크림 80ml 기획 (+크림15ml+앰플1ml*3ea),지피덤 셀트리온EGF 스킨베리어 인텐시브 크림 ( 크림15ml 앰플1ml* )
,,이지듀 EGFx 다운타임 오인트 겔 15ml 기획(+크림 7ml),이지듀 EGFx 다운타임 오인트 겔 ( 크림 )
,,더마픽스 리얼콜라겐 텐션업 앰플크림 50g,더마픽스 리얼콜라겐 텐션업 앰플크림
,,이지듀 EGF 글루타치온 기미잡티 크림 105ml,이지듀 EGF 글루타치온 기미잡티 크림
,,[보습탄력] 아비브 부활초 크림 뉴트리션 튜브 75ml 더블 기획,아비브 부활초 크림 뉴트리션 튜브
,,제나벨 PDRN 인리치드 리커버리 밤 50ml,제나벨 PDRN 인리치드 리커버리 밤
,,[PDRN]에스트라 리제덤365 밀도탄력 캡슐크림 50ml,에스트라 리제덤365 밀도탄력 캡슐크림
,,[리뉴얼/단독] 브이앤에이뷰티 안티옥시던트 시너지 크림 50ml 기획 (+앰플 50ml),브이앤에이뷰티 안티옥시던트 시너지 크림 ( 앰플 )
,,[총75ml/수분탄력크림] 퍼셀 픽셀바이옴 히알 콜라겐 유산균 크림 50ml 기획 (+25ml),퍼셀 픽셀바이옴 히알 콜라겐 유산균 크림
,,[주름탄력]테라로직 레티날 주름탄력 크림 12g+앰플4ml 기획,테라로직 레티날 주름탄력 크림 앰플4ml
,,[레티날입문0.05%] 닥터디퍼런트 비타리프트-A 크림 20g,닥터디퍼런트 비타리프트-A 크림
,,[손상탄력크림] 유리아쥬 시카 데일리 리페어 콘센트레 탄력 크림 50ml,유리아쥬 시카 데일리 리페어 콘센트레 탄력 크림
,,제나벨 PDRN 리쥬비네이팅 크림 70ml 기획 (+20ml),제나벨 PDRN 리쥬비네이팅 크림
,,[안티에이징/밀착보습막] 셀퓨전씨 레이저 리쥬버네이션 크림 50ml 더블 기획,셀퓨전씨 레이저 리쥬버네이션 크림
,,[수분/진정] 셀인샷 EGF 알란테놀 트러블 크림 70ml,셀인샷 EGF 알란테놀 트러블 크림
피지·모공·트러블,35,[위클리초특가/-8.1도 즉각쿨링/슬러시젤크림] 믹순 히알레배 포어 워터풀 젤크림 60ML,믹순 히알레배 포어 워터풀 젤크림
,,[7월올영픽] 닥터지 레드블레미쉬 클리어 수딩크림 EX 70ml기획 (+30ml+세럼10ml*2ea),닥터지 레드블레미쉬 클리어 수딩크림 EX 70ml ( 세럼10ml* )
,,[대용량] 파티온 노스카나인 트러블 크림 75ml 기획(+5ml),파티온 노스카나인 트러블 크림
,,피지오겔 DMT 페이셜 보습 장벽 크림 150ml 기획(+토너 50ml),피지오겔 DMT 페이셜 보습 장벽 크림 ( 토너 )
,,[1+1] 한율 트러블 진정 쑥시카 수분 크림 기획 (55ml+55ml),한율 트러블 진정 쑥시카 수분 크림
,,[튜브타입/단독기획] 닥터지 레드 블레미쉬 클리어 수딩크림 EX 70ml 튜브 기획 (+30ml+세럼10ml*2ea),닥터지 레드 블레미쉬 클리어 수딩크림 EX 튜브 ( 세럼10ml* )
,,[7월올영픽/손상장벽리페어] 피지오겔 레드수딩 AI 리페어 크림 100m 기획(+30ml+마스크 2매),피지오겔 레드수딩 AI 리페어 크림 100m ( 마스크 )
,,[단독기획/5겹장벽크림] 파티온 노스카나인 트러블 크림 45ml 기획(+5ml+세럼 5ml),파티온 노스카나인 트러블 크림 ( 세럼 )
,,[모공천재/화잘먹] 오드로이 모공수축 크림 모공요철 케어 100ml 더블기획 (+미스트앰플 30ml),오드로이 모공수축 크림 모공요철 케어 ( 미스트앰플 )
,,피지오겔 레드수딩 시카밸런스 크림 80ml 대용량,피지오겔 레드수딩 시카밸런스 크림 대용량
,,[고현정 PICK]코이 플로우 리프팅 랩핑 크림 포어앤쿨 50g 기획 (+ 미니 20g),코이 플로우 리프팅 랩핑 크림 포어앤쿨 ( 미니 )
,,리쥬란 더마 힐러 포어 타이트닝 크림 50ml(+포어 앰플 10ml 증정)/50ml 단품,리쥬란 더마 힐러 포어 타이트닝 크림 /
,,셀라딕스 트러블 세라 캡슐 131 크림 95ml,셀라딕스 트러블 세라 캡슐 131 크림
,,[7월올영픽/화잘먹크림] 피지오겔 DMT 리제너러티브 크림 100ml 기획(+토너 50ml),피지오겔 DMT 리제너러티브 크림 ( 토너 )
,,[UPGRADE] 이니스프리 레티놀 시카 모공 흔적 크림 50ml 기획(+30ml),이니스프리 레티놀 시카 모공 흔적 크림
,,[트러블진정] 디오디너리 설퍼 10% 파우더-투-크림 컨센트레이트 5g,디오디너리 설퍼 10% 파우더-투-크림 컨센트레이트
,,[탄력수분크림] 바이오던스 포어 퍼펙팅 콜라겐 펩타이드 크림 50ml 기획 (+10ml),바이오던스 포어 퍼펙팅 콜라겐 펩타이드 크림
,,[웬디PICK] 포들 밤 레티날 모공 리셋 솔루션 캡슐 크림 55g,포들 밤 레티날 모공 리셋 솔루션 캡슐 크림
,,[트러블로션] 에스트라 테라크네365 수딩 액티브 모이스처라이저 60ml,에스트라 테라크네365 수딩 액티브 모이스처라이저
,,[흔적수분크림] 듀이트리 AC 딥 흔적 진정 크림 60ml,듀이트리 AC 딥 흔적 진정 크림
,,[단독기획/트러블1위] 셀인샷 알란테놀 트러블 크림 70ml 기획 (+크림 20ml*2),셀인샷 알란테놀 트러블 크림 ( 크림 *2)
,,[3세대 리뉴얼] 닥터지 레드 블레미쉬 클리어 수딩크림 EX 70ml,닥터지 레드 블레미쉬 클리어 수딩크림 EX
,,[속건조/진정보습] 닥터지 레드 블레미쉬 클리어 모이스처 크림 70ml 기획 (+30ml 증정),닥터지 레드 블레미쉬 클리어 모이스처 크림
,,[화잘먹크림] 오드로이 모공수축크림 로프디 모공타이트닝 100ml,오드로이 모공수축크림 로프디 모공타이트닝
,,피지오겔 시카밸런스 포맨 카밍 크림 70ml,피지오겔 시카밸런스 포맨 카밍 크림
,,[트러블진정템] 더마젼시 제로카 81 크림 60ml,더마젼시 제로카 81 크림
,,메디큐브 제로 모공 원데이 크림 50ml,메디큐브 제로 모공 원데이 크림
,,바이오더마 세비엄 센서티브 30ml,바이오더마 세비엄 센서티브
,,[수부지 올인원 크림] 믹순 히알레배 포어 블러링 크림 50ml,믹순 히알레배 포어 블러링 크림
,,[트러블부위 진정케어] 피캄 센텔라 트러블 스팟 15ml,피캄 센텔라 트러블 스팟
,,[긴급스팟진정] 아크네스 스팟 클리어 크림 패치 18g,아크네스 스팟 클리어 크림 패치
,,라로슈포제 에빠끌라 MAT 세보 컨트롤링 모이스춰라이저,라로슈포제 에빠끌라 MAT 세보 컨트롤링 모이스춰라이저
,,[모공축소] 풀리 그린 토마토 크림 90ml,풀리 그린 토마토 크림
,,[SNS 대란템]바이오더마 세비엄 포어 리파이너,바이오더마 세비엄 포어 리파이너
,,[수분/진정] 셀인샷 EGF 알란테놀 트러블 크림 70ml,셀인샷 EGF 알란테놀 트러블 크림
미백·잡티·톤업,25,[수분진정/광채캡슐크림] 션리 다시마 글레이즈드 크림 50g,션리 다시마 글레이즈드 크림
,,"[흔적,기미,미백/TXA] 셀리맥스 트라넥삼산 잡티 크림 35ml 기획 (+14ml)",셀리맥스 트라넥삼산 잡티 크림
,,[광채/기미] 코페르 큐리페어 멜라크림 21ml 기획(+4ml),코페르 큐리페어 멜라크림
,,[1+1/광채탄력] 닥터지 블랙스네일 크림 50ml 1+1 기획 +(15ml 추가 증정),닥터지 블랙스네일 크림
,,[단독기획] 동아제약 색소침착 프로 크림제 40ml 기획(+5ml*2),동아제약 색소침착 프로 크림제 ( *2)
,,[비타캡슐/착색이별] 구달 청귤 비타C 잡티케어 크림 알파 75ml 기획 (+25ml),구달 청귤 비타C 잡티케어 크림 알파
,,[2주만에기미감소16%] 쿠피 멜라스마 클리어 트라넥삼산 레몬수 기미크림 50ml,쿠피 멜라스마 클리어 트라넥삼산 레몬수 기미크림
,,[청담샵톤업/멀티톤업] 잇츠스킨 시크릿 솔루션 웨딩 드레스 퓨어 크림 100ml,잇츠스킨 시크릿 솔루션 웨딩 드레스 퓨어 크림
,,[색소침착/기미톤업제] 동국제약 멜라-셋 기미 토닝 크림 35g,동국제약 멜라-셋 기미 토닝 크림
,,[광채크림/NEW대용량] 차앤박 프로폴리스 앰플 액티브 샷 크림 75ml 2입,차앤박 프로폴리스 앰플 액티브 샷 크림
,,[광채크림/레티날0.1%] 닥터디퍼런트 비타리프트 에이 포르테 20g 기획(+레티날5g+시카크림1.5g*2),닥터디퍼런트 비타리프트 에이 포르테 ( 레티날5g 시카크림1. *2)
,,[기미톤업/색소침착] 동국제약 멜라-셋 기미 토닝 크림 35g 더블 기획(+기미 와이드 패치 2매입*2ea),동국제약 멜라-셋 기미 토닝 크림 ( 기미 와이드 패치 2매입* )
,,[수분톤업/화잘먹 톤프렙] 나인위시스 비건 화이트 톤업 크림 50ml,나인위시스 비건 화이트 톤업 크림
,,프리메라 비타티놀 인텐스 바운시 리프트 마스크 크림 30ml 기획/단품,프리메라 비타티놀 인텐스 바운시 리프트 마스크 크림 /
,,[색소침착/흔적] 청미정 기미잡티크림 카카두플럼 50g,청미정 기미잡티크림 카카두플럼
,,[보습광채] 코스알엑스 어드벤스드 스네일 92 올인원 크림 100g,코스알엑스 어드벤스드 스네일 92 올인원 크림
,,아이오페 비타민C 엑스퍼트 40% 마스크 컨센트레이트 15g 기획 (+ PDRN 10ml),아이오페 비타민C 엑스퍼트 40% 마스크 컨센트레이트 ( PDRN )
,,[기미잡티 크림]LBB 골드렐라 펩타이드 28 안티 멜라닌 마스크 크림 100ml,LBB 골드렐라 펩타이드 28 안티 멜라닌 마스크 크림
,,넘버즈인 5번 글루타치온씨 흔적 토닝 레이저 크림 50ml,넘버즈인 5번 글루타치온씨 흔적 토닝 레이저 크림
,,이지듀 EGF 글루타치온 기미잡티 크림 105ml,이지듀 EGF 글루타치온 기미잡티 크림
,,[26년 신형] 달바 비타 캡슐 크림 나이아신아마이드 5퍼센트 55g 기획 (+10g),달바 비타 캡슐 크림 나이아신아마이드 5퍼센트
,,이지듀 멜라 글루타치온 크림 50ml,이지듀 멜라 글루타치온 크림
,,[레티날입문0.05%] 닥터디퍼런트 비타리프트-A 크림 20g,닥터디퍼런트 비타리프트-A 크림
,,[잡티저격/TXA] 퍼셀 80억/mL 글루타치온 TXA 캡슐 크림 80ml,퍼셀 80억/mL 글루타치온 TXA 캡슐 크림
,,[톤업크림] 이니스프리 비타민C 캡슐 크림 50ml 더블 기획,이니스프리 비타민C 캡슐 크림
기타/강조문구 약함,24,"[NCT 재민PICK] 이즈앤트리 어니언 뉴페어 겔크림 플러스 50ml 기획 (+겔크림 플러스 20ml, 패드 2매)",이즈앤트리 어니언 뉴페어 겔크림 플러스 ( 겔크림 플러스 패드 )
,,[대용량] 제로이드 인텐시브 크림 80ml 기획 (+50ml),제로이드 인텐시브 크림
,,[장원영PICK] 닥터엘시아 345 릴리프 크림 50ml 기획 (+10ml*2ea+튜브링거),닥터엘시아 345 릴리프 크림 ( * 튜브링거)
,,[7월올영픽] 키엘 울트라 훼이셜 크림 50ml 기획/단품,키엘 울트라 훼이셜 크림 /
,,[태극제약]도미나스 크림 Rx 30ml 기획 (+7ml),도미나스 크림 Rx
,,아누아 복숭아 나이아신아마이드 인리치드 크림 50mL,아누아 복숭아 나이아신아마이드 인리치드 크림
,,더마팩토리 바쿠치올 1% 크림 30g,더마팩토리 바쿠치올 1% 크림
,,[태극제약]도미나스 크림 Rx 20ml,도미나스 크림 Rx
,,[장원영PICK] 닥터엘시아 345 릴리프 크림 50ml,닥터엘시아 345 릴리프 크림
,,[김재원 PICK] 몰바니 볼륨 인크리징 프로틴 크림 100ml,몰바니 볼륨 인크리징 프로틴 크림
,,[남자올인원] 우노 크림 퍼펙션 90g,우노 크림 퍼펙션
,,조선미녀 조선미녀크림 50ml,조선미녀 조선미녀크림
,,라로슈포제 똘러리앙 덤알레르고 플루이드 40ml,라로슈포제 똘러리앙 덤알레르고 플루이드
,,[화잘먹 결크림] 마몽드 플로라 글로우 로즈 스무딩 크림 50ml,마몽드 플로라 글로우 로즈 스무딩 크림
,,휘게 릴리프 캐모마일 크림 85g,휘게 릴리프 캐모마일 크림
,,키엘 울트라 훼이셜 오일-프리 젤 크림 리필 파우치 150ml,키엘 울트라 훼이셜 오일-프리 젤 크림 리필 파우치
,,[고현정 PICK] 코이 플로우 셀코드 크라이오 크림 50ml,코이 플로우 셀코드 크라이오 크림
,,[OMVP 캡슐크림]LBB 퓨어 래디언스 크림 50ml,LBB 퓨어 래디언스 크림
,,제로이드 인텐시브 크림 80ml 기획 (+크림 토너 25ml),제로이드 인텐시브 크림 ( 크림 토너 )
,,[태극제약]도미나스 크림 Rx 30ml,도미나스 크림 Rx
,,엠브리올리스 레 크렘 콘센트레 75ml,엠브리올리스 레 크렘 콘센트레
,,라로슈포제 똘러리앙 덤알레르고 크림 40ml,라로슈포제 똘러리앙 덤알레르고 크림
,,쥬베룩 PDLLA 프로텍팅 크림 50ml,쥬베룩 PDLLA 프로텍팅 크림
,,바이오던스 스킨 글로우 에센스 크림 50ml,바이오던스 스킨 글로우 에센스 크림
남성·포맨,3,[민감진정] 라운드랩 포 맨 소나무 진정 시카 크림 75ml,라운드랩 포 맨 소나무 진정 시카 크림
,,피지오겔 시카밸런스 포맨 카밍 크림 70ml,피지오겔 시카밸런스 포맨 카밍 크림
,,[수분진정] 라운드랩 포 맨 자작나무 수분 크림 75ml,라운드랩 포 맨 자작나무 수분 크림
